Atleta,Fecha,Distancia_km,Sprint_m,Carga_Diaria,Carga_Aguda,Carga_Cronica,ACWR,Zona_Riesgo
Atleta_01,2026-03-01,8.39,123.4,377.23,377.23,377.23,1.0,Zona Optima
Atleta_01,2026-03-02,6.14,818.9,493.76,435.5,435.5,1.0,Zona Optima
Atleta_01,2026-03-03,5.14,546.1,372.05,414.35,414.35,1.0,Zona Optima
Atleta_01,2026-03-04,11.76,287.3,553.81,449.21,449.21,1.0,Zona Optima
Atleta_01,2026-03-05,8.67,686.6,553.83,470.14,470.14,1.0,Zona Optima
Atleta_01,2026-03-06,3.93,211.3,230.55,430.2,430.2,1.0,Zona Optima
Atleta_01,2026-03-07,12.01,519.1,637.66,459.84,459.84,1.0,Zona Optima
Atleta_01,2026-03-08,11.32,750.0,686.16,503.97,488.13,1.03,Zona Optima
Atleta_01,2026-03-09,6.57,866.5,523.54,508.23,492.07,1.03,Zona Optima
Atleta_01,2026-03-10,8.11,842.1,578.12,537.67,500.67,1.07,Zona Optima
Atleta_01,2026-03-11,4.4,664.5,503.99,530.55,500.97,1.06,Zona Optima
Atleta_01,2026-03-12,9.26,232.6,436.46,513.78,495.6,1.04,Zona Optima
Atleta_01,2026-03-13,7.68,647.7,496.65,551.8,495.68,1.11,Zona Optima
Atleta_01,2026-03-14,7.79,211.4,375.98,514.41,487.13,1.06,Zona Optima
Atleta_01,2026-03-15,5.04,456.1,456.74,481.64,485.1,0.99,Zona Optima
Atleta_01,2026-03-16,7.46,612.8,485.34,476.18,485.12,0.98,Zona Optima
Atleta_01,2026-03-17,4.52,141.6,226.13,425.9,469.88,0.91,Zona Optima
Atleta_01,2026-03-18,9.08,441.8,501.05,425.48,471.61,0.9,Zona Optima
Atleta_01,2026-03-19,5.3,631.0,399.58,420.21,467.82,0.9,Zona Optima
Atleta_01,2026-03-20,10.22,653.0,605.79,435.8,474.72,0.92,Zona Optima
Atleta_01,2026-03-21,7.76,884.6,570.81,463.63,479.3,0.97,Zona Optima
Atleta_01,2026-03-22,3.93,827.2,401.61,455.76,475.77,0.96,Zona Optima
Atleta_01,2026-03-23,8.7,607.7,535.26,462.89,478.35,0.97,Zona Optima
Atleta_01,2026-03-24,9.59,643.4,565.77,511.41,481.99,1.06,Zona Optima
Atleta_01,2026-03-25,6.44,432.0,386.49,495.04,478.17,1.04,Zona Optima
Atleta_01,2026-03-26,9.78,835.2,644.32,530.01,484.56,1.09,Zona Optima
Atleta_01,2026-03-27,6.84,858.0,534.17,519.78,486.4,1.07,Zona Optima
Atleta_01,2026-03-28,10.01,417.8,523.22,512.98,487.72,1.05,Zona Optima
Atleta_01,2026-03-29,9.6,780.1,608.32,542.51,495.97,1.09,Zona Optima
Atleta_01,2026-03-30,5.57,625.8,406.0,524.04,492.84,1.06,Zona Optima
Atleta_01,2026-03-31,9.14,391.7,483.16,512.24,496.8,1.03,Zona Optima
Atleta_01,2026-04-01,8.31,160.6,511.64,530.12,495.3,1.07,Zona Optima
Atleta_01,2026-04-02,4.46,603.6,362.8,489.9,488.48,1.0,Zona Optima
Atleta_01,2026-04-03,9.46,314.5,639.8,504.99,503.09,1.0,Zona Optima
Atleta_01,2026-04-04,8.47,389.7,619.01,518.68,502.43,1.03,Zona Optima
Atleta_01,2026-04-05,3.91,812.0,396.3,488.39,492.07,0.99,Zona Optima
Atleta_01,2026-04-06,8.48,832.6,798.48,544.46,501.89,1.08,Zona Optima
Atleta_01,2026-04-07,8.19,312.9,421.55,535.65,496.3,1.08,Zona Optima
Atleta_01,2026-04-08,7.47,607.8,484.86,531.83,495.62,1.07,Zona Optima
Atleta_01,2026-04-09,10.35,805.2,651.17,573.02,503.29,1.14,Zona Optima
Atleta_01,2026-04-10,8.72,168.8,400.69,538.87,499.86,1.08,Zona Optima
Atleta_01,2026-04-11,11.13,655.1,867.11,574.31,517.4,1.11,Zona Optima
Atleta_01,2026-04-12,7.0,231.2,350.9,567.82,513.62,1.11,Zona Optima
Atleta_01,2026-04-13,8.67,465.8,487.61,523.41,513.7,1.02,Zona Optima
Atleta_01,2026-04-14,6.77,617.3,458.01,528.62,521.98,1.01,Zona Optima
Atleta_01,2026-04-15,3.56,623.6,326.47,505.99,515.75,0.98,Zona Optima
Atleta_01,2026-04-16,5.23,607.9,392.08,468.98,515.48,0.91,Zona Optima
Atleta_01,2026-04-17,6.69,442.8,406.46,469.81,508.36,0.92,Zona Optima
Atleta_01,2026-04-18,7.33,890.5,546.67,424.03,507.5,0.84,Zona Optima
Atleta_01,2026-04-19,4.09,601.2,351.71,424.14,505.72,0.84,Zona Optima
Atleta_01,2026-04-20,7.37,651.0,491.65,424.72,504.16,0.84,Zona Optima
Atleta_01,2026-04-21,10.89,109.8,463.07,425.44,500.49,0.85,Zona Optima
Atleta_01,2026-04-22,11.66,185.1,532.13,454.82,505.69,0.9,Zona Optima
Atleta_01,2026-04-23,6.67,418.3,387.09,454.11,496.5,0.91,Zona Optima
Atleta_01,2026-04-24,8.57,249.1,566.94,477.04,497.68,0.96,Zona Optima
Atleta_01,2026-04-25,8.68,495.6,497.2,469.97,496.75,0.95,Zona Optima
Atleta_01,2026-04-26,5.03,375.5,317.58,465.09,486.36,0.96,Zona Optima
Atleta_01,2026-04-27,11.58,484.6,604.57,481.23,493.45,0.98,Zona Optima
Atleta_01,2026-04-28,8.57,371.2,452.97,479.78,492.38,0.97,Zona Optima
Atleta_01,2026-04-29,8.44,656.1,726.61,507.57,500.05,1.02,Zona Optima
Atleta_01,2026-04-30,10.64,717.9,645.37,544.46,510.14,1.07,Zona Optima
Atleta_01,2026-05-01,8.39,300.0,423.0,523.9,502.4,1.04,Zona Optima
Atleta_01,2026-05-02,6.36,416.3,380.66,507.25,493.89,1.03,Zona Optima
Atleta_01,2026-05-03,9.23,764.0,600.53,547.67,501.18,1.09,Zona Optima
Atleta_01,2026-05-04,10.19,154.5,449.1,525.46,488.71,1.08,Zona Optima
Atleta_01,2026-05-05,8.19,111.3,365.38,512.95,486.7,1.05,Zona Optima
Atleta_01,2026-05-06,4.69,375.0,304.43,452.64,480.26,0.94,Zona Optima
Atleta_01,2026-05-07,10.01,902.5,665.68,455.54,480.77,0.95,Zona Optima
Atleta_01,2026-05-08,6.61,369.0,369.91,447.96,479.67,0.93,Zona Optima
Atleta_01,2026-05-09,9.44,419.6,495.83,464.41,466.41,1.0,Zona Optima
Atleta_01,2026-05-10,8.39,247.4,409.56,437.13,468.51,0.93,Zona Optima
Atleta_01,2026-05-11,8.92,330.3,459.33,438.59,467.5,0.94,Zona Optima
Atleta_01,2026-05-12,9.37,760.1,598.0,471.82,472.5,1.0,Zona Optima
Atleta_01,2026-05-13,7.34,574.4,623.76,517.44,483.12,1.07,Zona Optima
Atleta_01,2026-05-14,12.05,401.1,602.6,508.43,490.64,1.04,Zona Optima
Atleta_01,2026-05-15,9.77,611.5,580.96,538.58,496.87,1.08,Zona Optima
Atleta_01,2026-05-16,11.15,528.4,601.0,553.6,498.81,1.11,Zona Optima
Atleta_01,2026-05-17,9.18,484.6,508.93,567.8,504.42,1.13,Zona Optima
Atleta_01,2026-05-18,9.56,502.4,532.09,578.19,505.87,1.14,Zona Optima
Atleta_01,2026-05-19,7.2,833.9,727.74,596.73,515.32,1.16,Zona Optima
Atleta_01,2026-05-20,8.46,794.9,563.16,588.07,516.43,1.14,Zona Optima
Atleta_01,2026-05-21,4.54,455.6,313.44,546.76,513.8,1.06,Zona Optima
Atleta_01,2026-05-22,7.55,344.8,542.68,541.29,512.93,1.06,Zona Optima
Atleta_01,2026-05-23,10.74,351.1,730.66,559.81,521.27,1.07,Zona Optima
Atleta_01,2026-05-24,3.81,898.2,570.4,568.6,530.3,1.07,Zona Optima
Atleta_01,2026-05-25,7.67,363.7,564.48,573.22,528.87,1.08,Zona Optima
Atleta_01,2026-05-26,4.26,787.6,420.76,529.37,527.72,1.0,Zona Optima
Atleta_01,2026-05-27,10.95,125.0,649.66,541.73,524.97,1.03,Zona Optima
Atleta_01,2026-05-28,4.37,795.7,564.7,577.62,522.09,1.11,Zona Optima
Atleta_01,2026-05-29,4.68,763.0,408.73,558.48,521.58,1.07,Zona Optima
Atleta_01,2026-05-30,9.46,554.7,549.72,532.64,527.62,1.01,Zona Optima
Atleta_01,2026-05-31,9.6,618.8,571.24,532.76,526.57,1.01,Zona Optima
Atleta_01,2026-06-01,7.49,419.7,425.15,512.85,525.71,0.98,Zona Optima
Atleta_01,2026-06-02,8.85,361.1,460.02,518.46,529.09,0.98,Zona Optima
Atleta_01,2026-06-03,9.43,132.6,419.12,485.53,533.19,0.91,Zona Optima
Atleta_01,2026-06-04,4.09,397.4,285.56,445.65,519.61,0.86,Zona Optima
Atleta_01,2026-06-05,6.95,248.4,483.0,456.26,523.65,0.87,Zona Optima
Atleta_01,2026-06-06,6.85,337.1,375.53,431.37,519.36,0.83,Zona Optima
Atleta_01,2026-06-07,7.32,866.6,560.14,429.79,524.73,0.82,Zona Optima
Atleta_01,2026-06-08,10.68,836.5,679.09,466.07,532.58,0.88,Zona Optima
Atleta_01,2026-06-09,8.03,763.1,556.58,479.86,531.1,0.9,Zona Optima
Atleta_01,2026-06-10,11.06,148.9,481.93,488.83,526.04,0.93,Zona Optima
Atleta_01,2026-06-11,6.45,354.0,495.62,518.84,522.22,0.99,Zona Optima
Atleta_01,2026-06-12,11.98,286.6,573.82,531.82,521.96,1.02,Zona Optima
Atleta_01,2026-06-13,3.9,819.1,406.24,536.2,515.01,1.04,Zona Optima
Atleta_01,2026-06-14,9.99,160.9,451.42,520.67,512.95,1.02,Zona Optima
Atleta_01,2026-06-15,6.85,487.0,411.58,482.46,508.65,0.95,Zona Optima
Atleta_01,2026-06-16,12.02,337.0,588.57,487.03,503.68,0.97,Zona Optima
Atleta_01,2026-06-17,11.89,433.9,606.05,504.76,505.21,1.0,Zona Optima
Atleta_01,2026-06-18,4.51,389.4,296.04,476.25,504.59,0.94,Zona Optima
Atleta_01,2026-06-19,4.88,382.2,419.57,454.21,500.19,0.91,Zona Optima
Atleta_01,2026-06-20,4.15,399.6,286.45,437.1,484.33,0.9,Zona Optima
Atleta_01,2026-06-21,4.64,799.7,425.5,433.39,479.15,0.9,Zona Optima
Atleta_01,2026-06-22,11.68,114.3,494.13,445.19,476.64,0.93,Zona Optima
Atleta_01,2026-06-23,5.99,552.6,398.24,418.0,475.84,0.88,Zona Optima
Atleta_01,2026-06-24,8.29,748.4,756.82,439.54,479.66,0.92,Zona Optima
Atleta_01,2026-06-25,8.84,156.1,404.75,455.07,473.95,0.96,Zona Optima
Atleta_01,2026-06-26,10.38,582.4,586.24,478.88,480.29,1.0,Zona Optima
Atleta_01,2026-06-27,4.84,376.8,304.02,481.39,471.52,1.02,Zona Optima
Atleta_01,2026-06-28,9.13,339.5,467.41,487.37,467.81,1.04,Zona Optima
Atleta_02,2026-03-01,7.8,651.2,504.84,504.84,504.84,1.0,Zona Optima
Atleta_02,2026-03-02,6.1,340.8,351.1,427.97,427.97,1.0,Zona Optima
Atleta_02,2026-03-03,11.56,274.8,735.53,530.49,530.49,1.0,Zona Optima
Atleta_02,2026-03-04,8.53,191.1,392.72,496.05,496.05,1.0,Zona Optima
Atleta_02,2026-03-05,8.94,735.2,572.86,511.41,511.41,1.0,Zona Optima
Atleta_02,2026-03-06,4.61,815.1,424.14,496.86,496.86,1.0,Zona Optima
Atleta_02,2026-03-07,9.55,651.7,576.28,508.21,508.21,1.0,Zona Optima
Atleta_02,2026-03-08,4.39,115.7,279.82,476.06,479.66,0.99,Zona Optima
Atleta_02,2026-03-09,3.77,116.5,189.5,452.98,447.42,1.01,Zona Optima
Atleta_02,2026-03-10,11.22,154.0,497.05,418.91,452.38,0.93,Zona Optima
Atleta_02,2026-03-11,8.46,770.7,567.57,443.89,462.86,0.96,Zona Optima
Atleta_02,2026-03-12,5.98,612.3,410.56,420.7,458.5,0.92,Zona Optima
Atleta_02,2026-03-13,7.83,866.7,569.55,441.48,467.04,0.95,Zona Optima
Atleta_02,2026-03-14,9.82,313.3,662.57,453.8,481.01,0.94,Zona Optima
Atleta_02,2026-03-15,6.38,704.7,461.25,479.72,479.69,1.0,Zona Optima
Atleta_02,2026-03-16,4.1,514.3,314.22,497.54,469.35,1.06,Zona Optima
Atleta_02,2026-03-17,11.5,797.2,703.79,527.07,483.14,1.09,Zona Optima
Atleta_02,2026-03-18,5.68,348.8,331.46,493.34,474.71,1.04,Zona Optima
Atleta_02,2026-03-19,11.3,322.8,542.45,512.18,478.28,1.07,Zona Optima
Atleta_02,2026-03-20,9.84,413.6,530.23,506.57,480.87,1.05,Zona Optima
Atleta_02,2026-03-21,10.22,860.8,669.37,507.54,489.85,1.04,Zona Optima
Atleta_02,2026-03-22,11.87,454.7,611.07,528.94,495.36,1.07,Zona Optima
Atleta_02,2026-03-23,7.51,501.3,455.34,549.1,493.62,1.11,Zona Optima
Atleta_02,2026-03-24,12.32,513.2,874.86,573.54,509.51,1.13,Zona Optima
Atleta_02,2026-03-25,9.76,266.6,634.07,616.77,514.49,1.2,Zona Optima
Atleta_02,2026-03-26,10.62,646.2,831.17,658.02,526.67,1.25,Zona Optima
Atleta_02,2026-03-27,5.22,583.8,379.15,636.43,521.2,1.22,Zona Optima
Atleta_02,2026-03-28,12.18,782.5,713.72,642.77,528.08,1.22,Zona Optima
Atleta_02,2026-03-29,7.23,574.9,466.59,622.13,526.71,1.18,Zona Optima
Atleta_02,2026-03-30,10.32,387.6,527.1,632.38,533.0,1.19,Zona Optima
Atleta_02,2026-03-31,7.45,656.3,486.6,576.91,524.11,1.1,Zona Optima
Atleta_02,2026-04-01,9.24,498.9,513.85,559.74,528.44,1.06,Zona Optima
Atleta_02,2026-04-02,10.63,821.8,663.53,535.79,531.67,1.01,Zona Optima
Atleta_02,2026-04-03,10.95,410.3,567.05,562.63,536.78,1.05,Zona Optima
Atleta_02,2026-04-04,6.61,734.4,655.93,554.38,539.62,1.03,Zona Optima
Atleta_02,2026-04-05,10.43,515.5,568.29,568.91,549.92,1.03,Zona Optima
Atleta_02,2026-04-06,8.26,487.4,471.66,560.99,560.0,1.0,Zona Optima
Atleta_02,2026-04-07,10.46,422.3,555.1,570.77,562.08,1.02,Zona Optima
Atleta_02,2026-04-08,5.83,818.6,472.18,564.82,558.67,1.01,Zona Optima
Atleta_02,2026-04-09,6.85,568.0,448.63,534.12,560.03,0.95,Zona Optima
Atleta_02,2026-04-10,4.61,172.4,242.01,487.69,548.33,0.89,Zona Optima
Atleta_02,2026-04-11,7.1,757.9,502.3,465.74,542.61,0.86,Zona Optima
Atleta_02,2026-04-12,10.79,434.0,574.24,466.59,546.64,0.85,Zona Optima
Atleta_02,2026-04-13,4.64,601.5,366.97,451.63,548.53,0.82,Zona Optima
Atleta_02,2026-04-14,6.52,240.0,331.35,419.67,535.22,0.78,Subentrenamiento
Atleta_02,2026-04-15,8.95,314.2,450.27,416.54,539.47,0.77,Subentrenamiento
Atleta_02,2026-04-16,5.21,380.2,431.49,414.09,535.5,0.77,Subentrenamiento
Atleta_02,2026-04-17,9.57,421.8,519.96,453.8,535.14,0.85,Zona Optima
Atleta_02,2026-04-18,10.36,269.2,500.09,453.48,529.09,0.86,Zona Optima
Atleta_02,2026-04-19,11.93,468.5,625.28,460.77,529.6,0.87,Zona Optima
Atleta_02,2026-04-20,6.04,269.6,319.69,454.02,524.75,0.87,Zona Optima
Atleta_02,2026-04-21,8.83,447.1,480.11,475.27,510.66,0.93,Zona Optima
Atleta_02,2026-04-22,7.54,532.9,455.95,476.08,504.29,0.94,Zona Optima
Atleta_02,2026-04-23,11.95,730.7,702.44,514.79,499.7,1.03,Zona Optima
Atleta_02,2026-04-24,7.81,825.4,556.47,520.0,506.03,1.03,Zona Optima
Atleta_02,2026-04-25,12.35,831.8,745.1,555.01,507.15,1.09,Zona Optima
Atleta_02,2026-04-26,6.52,763.9,490.12,535.7,507.99,1.05,Zona Optima
Atleta_02,2026-04-27,5.08,897.2,636.04,580.89,511.88,1.13,Zona Optima
Atleta_02,2026-04-28,9.49,225.9,455.57,577.38,510.77,1.13,Zona Optima
Atleta_02,2026-04-29,8.46,215.8,396.27,568.86,506.57,1.12,Zona Optima
Atleta_02,2026-04-30,9.07,753.4,594.3,553.41,504.1,1.1,Zona Optima
Atleta_02,2026-05-01,8.98,467.9,670.92,569.76,507.81,1.12,Zona Optima
Atleta_02,2026-05-02,10.61,399.0,531.46,539.24,503.37,1.07,Zona Optima
Atleta_02,2026-05-03,8.4,230.3,411.16,527.96,497.75,1.06,Zona Optima
Atleta_02,2026-05-04,11.41,893.7,722.93,540.37,506.73,1.07,Zona Optima
Atleta_02,2026-05-05,10.78,719.4,644.77,567.4,509.93,1.11,Zona Optima
Atleta_02,2026-05-06,7.83,150.4,357.68,561.89,505.84,1.11,Zona Optima
Atleta_02,2026-05-07,10.94,822.6,681.89,574.4,514.17,1.12,Zona Optima
Atleta_02,2026-05-08,8.18,646.7,523.38,553.32,524.22,1.06,Zona Optima
Atleta_02,2026-05-09,5.52,319.3,313.95,522.25,517.49,1.01,Zona Optima
Atleta_02,2026-05-10,9.63,462.7,527.95,538.94,515.84,1.04,Zona Optima
Atleta_02,2026-05-11,4.7,762.8,560.72,515.76,522.76,0.99,Zona Optima
Atleta_02,2026-05-12,11.79,535.7,633.8,514.2,533.56,0.96,Zona Optima
Atleta_02,2026-05-13,4.91,419.9,326.81,509.79,529.15,0.96,Zona Optima
Atleta_02,2026-05-14,7.1,825.8,536.2,488.97,532.89,0.92,Zona Optima
Atleta_02,2026-05-15,12.39,837.0,738.84,519.75,540.71,0.96,Zona Optima
Atleta_02,2026-05-16,11.95,424.6,614.87,562.74,544.81,1.03,Zona Optima
Atleta_02,2026-05-17,12.02,820.9,733.84,592.15,548.69,1.08,Zona Optima
Atleta_02,2026-05-18,10.72,614.9,613.0,599.62,559.16,1.07,Zona Optima
Atleta_02,2026-05-19,11.17,175.1,498.4,580.28,559.82,1.04,Zona Optima
Atleta_02,2026-05-20,10.87,267.3,509.61,606.39,561.73,1.08,Zona Optima
Atleta_02,2026-05-21,9.36,475.0,689.32,628.27,561.26,1.12,Zona Optima
Atleta_02,2026-05-22,4.41,291.0,261.6,560.09,550.73,1.02,Zona Optima
Atleta_02,2026-05-23,9.25,633.2,756.62,580.34,551.14,1.05,Zona Optima
Atleta_02,2026-05-24,9.83,894.7,658.99,569.65,557.17,1.02,Zona Optima
Atleta_02,2026-05-25,8.35,159.3,378.24,536.11,547.97,0.98,Zona Optima
Atleta_02,2026-05-26,10.8,305.6,523.85,539.75,550.41,0.98,Zona Optima
Atleta_02,2026-05-27,7.91,172.3,366.36,519.28,549.34,0.95,Zona Optima
Atleta_02,2026-05-28,4.76,116.8,217.4,451.87,535.88,0.84,Zona Optima
Atleta_02,2026-05-29,5.09,675.8,542.97,492.06,531.31,0.93,Zona Optima
Atleta_02,2026-05-30,11.24,458.2,599.52,469.62,533.74,0.88,Zona Optima
Atleta_02,2026-05-31,12.11,672.4,675.93,472.04,543.19,0.87,Zona Optima
Atleta_02,2026-06-01,4.86,544.1,359.11,469.31,530.2,0.89,Zona Optima
Atleta_02,2026-06-02,3.83,338.5,257.0,431.18,516.35,0.84,Zona Optima
Atleta_02,2026-06-03,12.17,121.8,529.41,454.48,522.48,0.87,Zona Optima
Atleta_02,2026-06-04,12.31,598.2,669.83,519.11,522.05,0.99,Zona Optima
Atleta_02,2026-06-05,4.5,635.3,366.99,493.97,516.47,0.96,Zona Optima
Atleta_02,2026-06-06,5.39,404.2,326.68,454.99,516.92,0.88,Zona Optima
Atleta_02,2026-06-07,4.56,872.6,444.43,421.92,513.94,0.82,Zona Optima
Atleta_02,2026-06-08,7.58,108.5,338.93,419.04,506.02,0.83,Zona Optima
Atleta_02,2026-06-09,8.5,371.0,443.41,445.67,499.22,0.89,Zona Optima
Atleta_02,2026-06-10,8.53,314.1,441.32,433.08,503.31,0.86,Zona Optima
Atleta_02,2026-06-11,5.4,512.8,366.99,389.82,497.27,0.78,Subentrenamiento
Atleta_02,2026-06-12,9.29,464.3,502.12,409.13,488.81,0.84,Zona Optima
Atleta_02,2026-06-13,8.6,666.7,534.08,438.75,485.93,0.9,Zona Optima
Atleta_02,2026-06-14,5.74,756.9,615.62,463.21,481.7,0.96,Zona Optima
Atleta_02,2026-06-15,7.5,625.3,490.22,484.82,477.32,1.02,Zona Optima
Atleta_02,2026-06-16,4.82,807.1,435.54,483.7,475.07,1.02,Zona Optima
Atleta_02,2026-06-17,5.81,425.9,363.4,472.57,469.85,1.01,Zona Optima
Atleta_02,2026-06-18,10.75,800.2,665.9,515.27,469.02,1.1,Zona Optima
Atleta_02,2026-06-19,10.51,222.2,484.77,512.79,476.99,1.08,Zona Optima
Atleta_02,2026-06-20,8.04,769.4,547.73,514.74,469.53,1.1,Zona Optima
Atleta_02,2026-06-21,10.35,877.4,677.45,523.57,470.19,1.11,Zona Optima
Atleta_02,2026-06-22,8.02,369.6,429.38,514.88,472.01,1.09,Zona Optima
Atleta_02,2026-06-23,7.49,306.1,534.82,529.06,472.4,1.12,Zona Optima
Atleta_02,2026-06-24,6.17,453.1,516.98,551.0,477.78,1.15,Zona Optima
Atleta_02,2026-06-25,6.45,826.3,510.38,528.79,488.25,1.08,Zona Optima
Atleta_02,2026-06-26,8.2,372.8,593.63,544.34,490.06,1.11,Zona Optima
Atleta_02,2026-06-27,11.48,189.2,513.28,539.42,486.98,1.11,Zona Optima
Atleta_02,2026-06-28,7.55,328.5,543.33,520.26,482.24,1.08,Zona Optima
Atleta_03,2026-03-01,11.98,357.2,791.32,791.32,791.32,1.0,Zona Optima
Atleta_03,2026-03-02,8.01,923.3,807.89,799.6,799.6,1.0,Zona Optima
Atleta_03,2026-03-03,13.08,933.7,806.15,801.79,801.79,1.0,Zona Optima
Atleta_03,2026-03-04,12.53,886.0,767.9,793.32,793.32,1.0,Zona Optima
Atleta_03,2026-03-05,12.35,702.9,700.65,774.78,774.78,1.0,Zona Optima
Atleta_03,2026-03-06,6.8,480.9,415.48,714.9,714.9,1.0,Zona Optima
Atleta_03,2026-03-07,8.01,541.5,653.86,706.18,706.18,1.0,Zona Optima
Atleta_03,2026-03-08,9.99,754.1,629.16,683.01,696.55,0.98,Zona Optima
Atleta_03,2026-03-09,9.41,562.3,550.21,646.2,680.29,0.95,Zona Optima
Atleta_03,2026-03-10,8.55,308.9,433.85,593.02,655.65,0.9,Zona Optima
Atleta_03,2026-03-11,12.98,907.2,1065.44,635.52,692.9,0.92,Zona Optima
Atleta_03,2026-03-12,11.9,509.2,617.66,623.67,686.63,0.91,Zona Optima
Atleta_03,2026-03-13,11.04,223.5,514.73,637.84,673.41,0.95,Zona Optima
Atleta_03,2026-03-14,9.71,168.5,437.81,606.98,656.58,0.92,Zona Optima
Atleta_03,2026-03-15,10.43,225.7,494.83,587.79,645.8,0.91,Zona Optima
Atleta_03,2026-03-16,9.22,609.3,556.18,588.64,640.2,0.92,Zona Optima
Atleta_03,2026-03-17,6.34,396.2,374.35,580.14,624.56,0.93,Zona Optima
Atleta_03,2026-03-18,9.02,418.2,484.03,497.08,616.75,0.81,Zona Optima
Atleta_03,2026-03-19,4.06,587.3,459.37,474.47,608.47,0.78,Subentrenamiento
Atleta_03,2026-03-20,6.88,875.9,531.78,476.91,604.63,0.79,Subentrenamiento
Atleta_03,2026-03-21,5.21,349.1,316.62,459.59,590.92,0.78,Subentrenamiento
Atleta_03,2026-03-22,11.93,208.5,537.78,465.73,588.5,0.79,Subentrenamiento
Atleta_03,2026-03-23,10.05,208.8,466.18,452.87,583.18,0.78,Subentrenamiento
Atleta_03,2026-03-24,11.24,262.3,532.56,475.47,581.07,0.82,Zona Optima
Atleta_03,2026-03-25,7.07,361.0,534.69,482.71,579.22,0.83,Zona Optima
Atleta_03,2026-03-26,7.73,113.3,344.8,466.34,570.2,0.82,Zona Optima
Atleta_03,2026-03-27,5.27,888.0,478.84,458.78,566.82,0.81,Zona Optima
Atleta_03,2026-03-28,7.42,615.2,480.53,482.2,563.74,0.86,Zona Optima
Atleta_03,2026-03-29,7.31,872.1,747.97,512.22,562.19,0.91,Zona Optima
Atleta_03,2026-03-30,12.77,781.8,735.57,550.71,559.61,0.98,Zona Optima
Atleta_03,2026-03-31,5.86,324.0,334.93,522.48,542.78,0.96,Zona Optima
Atleta_03,2026-04-01,8.59,681.9,555.96,525.51,535.21,0.98,Zona Optima
Atleta_03,2026-04-02,12.77,605.3,687.59,574.48,534.74,1.07,Zona Optima
Atleta_03,2026-04-03,11.17,285.8,536.81,582.77,539.07,1.08,Zona Optima
Atleta_03,2026-04-04,5.4,516.5,372.28,567.3,529.02,1.07,Zona Optima
Atleta_03,2026-04-05,11.82,478.9,622.13,549.32,528.77,1.04,Zona Optima
Atleta_03,2026-04-06,10.92,639.3,619.67,532.77,531.25,1.0,Zona Optima
Atleta_03,2026-04-07,5.34,594.3,385.66,540.01,529.53,1.02,Zona Optima
Atleta_03,2026-04-08,7.83,687.4,521.88,535.15,510.11,1.05,Zona Optima
Atleta_03,2026-04-09,5.67,425.0,355.15,487.65,500.74,0.97,Zona Optima
Atleta_03,2026-04-10,12.72,582.3,682.69,508.49,506.74,1.0,Zona Optima
Atleta_03,2026-04-11,10.41,679.7,622.36,544.22,513.33,1.06,Zona Optima
Atleta_03,2026-04-12,10.28,583.0,588.86,539.47,516.69,1.04,Zona Optima
Atleta_03,2026-04-13,4.64,113.3,219.24,482.26,504.65,0.96,Zona Optima
Atleta_03,2026-04-14,8.48,526.4,505.93,499.44,509.35,0.98,Zona Optima
Atleta_03,2026-04-15,10.0,575.7,577.51,507.39,512.69,0.99,Zona Optima
Atleta_03,2026-04-16,8.33,363.7,438.66,519.32,511.95,1.01,Zona Optima
Atleta_03,2026-04-17,8.32,359.1,441.17,484.82,508.72,0.95,Zona Optima
Atleta_03,2026-04-18,12.61,876.8,1033.55,543.56,534.32,1.02,Zona Optima
Atleta_03,2026-04-19,5.48,348.0,433.04,521.3,530.58,0.98,Zona Optima
Atleta_03,2026-04-20,11.09,273.5,709.09,591.28,539.25,1.1,Zona Optima
Atleta_03,2026-04-21,12.15,734.3,706.6,619.95,545.47,1.14,Zona Optima
Atleta_03,2026-04-22,8.7,464.1,482.0,606.3,543.59,1.12,Zona Optima
Atleta_03,2026-04-23,6.24,818.5,489.95,613.63,548.77,1.12,Zona Optima
Atleta_03,2026-04-24,10.55,452.3,549.19,629.06,551.28,1.14,Zona Optima
Atleta_03,2026-04-25,8.94,672.3,557.28,561.02,554.03,1.01,Zona Optima
Atleta_03,2026-04-26,4.41,898.6,446.77,562.98,543.27,1.04,Zona Optima
Atleta_03,2026-04-27,12.84,335.0,610.42,548.89,538.8,1.02,Zona Optima
Atleta_03,2026-04-28,6.95,729.9,500.11,519.39,544.7,0.95,Zona Optima
Atleta_03,2026-04-29,8.0,936.8,599.1,536.12,546.24,0.98,Zona Optima
Atleta_03,2026-04-30,5.65,612.8,409.92,524.68,536.32,0.98,Zona Optima
Atleta_03,2026-05-01,12.86,454.3,655.86,539.92,540.57,1.0,Zona Optima
Atleta_03,2026-05-02,5.03,676.5,407.52,518.53,541.83,0.96,Zona Optima
Atleta_03,2026-05-03,6.09,327.4,338.97,503.13,531.72,0.95,Zona Optima
Atleta_03,2026-05-04,5.01,304.6,285.89,456.77,519.8,0.88,Zona Optima
Atleta_03,2026-05-05,7.95,478.7,457.88,450.73,522.38,0.86,Zona Optima
Atleta_03,2026-05-06,5.12,630.7,395.23,421.61,517.86,0.81,Zona Optima
Atleta_03,2026-05-07,11.52,313.7,546.89,441.18,524.7,0.84,Zona Optima
Atleta_03,2026-05-08,8.85,511.9,512.27,420.66,518.62,0.81,Zona Optima
Atleta_03,2026-05-09,5.25,531.8,366.88,414.86,509.49,0.81,Zona Optima
Atleta_03,2026-05-10,8.62,674.2,542.99,444.0,507.85,0.87,Zona Optima
Atleta_03,2026-05-11,10.56,210.8,484.55,472.38,517.33,0.91,Zona Optima
Atleta_03,2026-05-12,10.11,830.4,659.24,501.15,522.8,0.96,Zona Optima
Atleta_03,2026-05-13,11.63,527.7,617.25,532.87,524.22,1.02,Zona Optima
Atleta_03,2026-05-14,11.42,179.1,515.78,528.42,526.98,1.0,Zona Optima
Atleta_03,2026-05-15,10.29,140.5,455.68,520.34,527.5,0.99,Zona Optima
Atleta_03,2026-05-16,7.58,430.5,424.5,528.57,505.74,1.05,Zona Optima
Atleta_03,2026-05-17,4.78,893.0,456.55,516.22,506.58,1.02,Zona Optima
Atleta_03,2026-05-18,7.78,233.0,385.84,502.12,495.04,1.01,Zona Optima
Atleta_03,2026-05-19,8.64,863.7,603.05,494.09,491.34,1.01,Zona Optima
Atleta_03,2026-05-20,5.35,372.8,329.78,453.03,485.9,0.93,Zona Optima
Atleta_03,2026-05-21,5.89,186.4,295.6,421.57,478.96,0.88,Zona Optima
Atleta_03,2026-05-22,5.9,303.3,333.09,404.06,471.25,0.86,Zona Optima
Atleta_03,2026-05-23,12.4,487.5,641.33,435.03,474.25,0.92,Zona Optima
Atleta_03,2026-05-24,5.78,519.1,377.05,423.68,471.76,0.9,Zona Optima
Atleta_03,2026-05-25,6.08,806.6,491.34,438.75,467.51,0.94,Zona Optima
Atleta_03,2026-05-26,8.5,916.4,616.87,440.72,471.68,0.93,Zona Optima
Atleta_03,2026-05-27,10.65,222.1,496.51,464.54,468.01,0.99,Zona Optima
Atleta_03,2026-05-28,6.13,419.6,372.02,475.46,466.66,1.02,Zona Optima
Atleta_03,2026-05-29,13.11,910.4,801.15,542.32,471.85,1.15,Zona Optima
Atleta_03,2026-05-30,4.37,855.6,438.54,513.35,472.95,1.09,Zona Optima
Atleta_03,2026-05-31,6.89,966.0,564.6,540.15,481.01,1.12,Zona Optima
Atleta_03,2026-06-01,9.92,715.3,620.6,558.61,492.97,1.13,Zona Optima
Atleta_03,2026-06-02,6.84,440.5,405.17,528.37,491.08,1.08,Zona Optima
Atleta_03,2026-06-03,8.04,395.0,441.82,520.56,492.75,1.06,Zona Optima
Atleta_03,2026-06-04,12.61,207.3,572.26,549.16,493.65,1.11,Zona Optima
Atleta_03,2026-06-05,8.19,886.6,588.9,518.84,496.39,1.05,Zona Optima
Atleta_03,2026-06-06,10.0,874.1,663.42,550.97,506.98,1.09,Zona Optima
Atleta_03,2026-06-07,11.91,925.1,760.25,578.92,514.74,1.12,Zona Optima
Atleta_03,2026-06-08,10.28,916.7,688.39,588.6,522.02,1.13,Zona Optima
Atleta_03,2026-06-09,4.6,477.5,324.2,577.03,510.05,1.13,Zona Optima
Atleta_03,2026-06-10,5.8,571.8,404.06,571.64,502.44,1.14,Zona Optima
Atleta_03,2026-06-11,10.94,777.1,675.4,586.37,508.14,1.15,Zona Optima
Atleta_03,2026-06-12,8.05,445.2,448.03,566.25,507.87,1.11,Zona Optima
Atleta_03,2026-06-13,10.79,874.2,692.87,570.46,517.45,1.1,Zona Optima
Atleta_03,2026-06-14,6.21,750.4,645.57,554.07,524.2,1.06,Zona Optima
Atleta_03,2026-06-15,6.08,839.7,672.51,551.81,534.44,1.03,Zona Optima
Atleta_03,2026-06-16,12.71,502.2,654.26,598.96,536.27,1.12,Zona Optima
Atleta_03,2026-06-17,6.87,344.5,377.92,595.22,537.99,1.11,Zona Optima
Atleta_03,2026-06-18,4.99,540.7,362.7,550.55,540.39,1.02,Zona Optima
Atleta_03,2026-06-19,7.76,851.3,563.08,566.99,548.6,1.03,Zona Optima
Atleta_03,2026-06-20,7.97,662.5,507.89,540.56,543.84,0.99,Zona Optima
Atleta_03,2026-06-21,8.87,737.2,775.63,559.14,558.07,1.0,Zona Optima
Atleta_03,2026-06-22,11.38,266.4,534.65,539.45,559.62,0.96,Zona Optima
Atleta_03,2026-06-23,10.6,311.5,523.57,520.78,556.28,0.94,Zona Optima
Atleta_03,2026-06-24,5.12,763.9,430.78,528.33,553.94,0.95,Zona Optima
Atleta_03,2026-06-25,5.82,667.4,435.29,538.7,556.2,0.97,Zona Optima
Atleta_03,2026-06-26,10.69,750.1,651.21,551.29,550.84,1.0,Zona Optima
Atleta_03,2026-06-27,12.76,168.8,562.23,559.05,555.26,1.01,Zona Optima
Atleta_03,2026-06-28,10.76,155.4,470.24,515.42,551.89,0.93,Zona Optima
Atleta_04,2026-03-01,6.42,697.1,464.46,464.46,464.46,1.0,Zona Optima
Atleta_04,2026-03-02,4.85,812.2,439.85,452.16,452.16,1.0,Zona Optima
Atleta_04,2026-03-03,12.03,783.7,719.0,541.1,541.1,1.0,Zona Optima
Atleta_04,2026-03-04,9.54,749.4,822.5,611.45,611.45,1.0,Zona Optima
Atleta_04,2026-03-05,4.22,122.6,201.5,529.46,529.46,1.0,Zona Optima
Atleta_04,2026-03-06,10.31,486.9,565.98,535.55,535.55,1.0,Zona Optima
Atleta_04,2026-03-07,8.31,429.2,470.53,526.26,526.26,1.0,Zona Optima
Atleta_04,2026-03-08,7.06,163.0,327.08,506.63,501.36,1.01,Zona Optima
Atleta_04,2026-03-09,11.69,649.0,662.07,538.38,519.22,1.04,Zona Optima
Atleta_04,2026-03-10,4.14,134.7,199.92,464.23,487.29,0.95,Zona Optima
Atleta_04,2026-03-11,8.21,511.2,487.21,416.33,487.28,0.85,Zona Optima
Atleta_04,2026-03-12,7.02,729.6,500.0,458.97,488.34,0.94,Zona Optima
Atleta_04,2026-03-13,7.38,435.1,431.49,439.76,483.97,0.91,Zona Optima
Atleta_04,2026-03-14,4.62,268.7,351.48,422.75,474.5,0.89,Zona Optima
Atleta_04,2026-03-15,7.15,827.0,535.04,452.46,478.54,0.95,Zona Optima
Atleta_04,2026-03-16,5.58,194.7,289.88,399.29,466.75,0.86,Zona Optima
Atleta_04,2026-03-17,8.17,578.5,492.78,441.13,468.28,0.94,Zona Optima
Atleta_04,2026-03-18,10.71,407.1,553.03,450.53,472.99,0.95,Zona Optima
Atleta_04,2026-03-19,8.73,248.3,421.44,439.31,470.28,0.93,Zona Optima
Atleta_04,2026-03-20,6.05,108.4,276.46,417.16,460.58,0.91,Zona Optima
Atleta_04,2026-03-21,7.74,896.5,780.33,478.42,475.81,1.01,Zona Optima
Atleta_04,2026-03-22,3.87,483.6,400.85,459.25,472.4,0.97,Zona Optima
Atleta_04,2026-03-23,4.05,355.6,271.4,456.61,463.66,0.98,Zona Optima
Atleta_04,2026-03-24,10.74,456.2,574.2,468.24,468.27,1.0,Zona Optima
Atleta_04,2026-03-25,10.27,853.5,674.75,485.63,476.53,1.02,Zona Optima
Atleta_04,2026-03-26,7.02,361.2,401.69,482.81,473.65,1.02,Zona Optima
Atleta_04,2026-03-27,8.1,501.7,479.69,511.84,473.87,1.08,Zona Optima
Atleta_04,2026-03-28,8.37,706.4,546.34,478.42,476.46,1.0,Zona Optima
Atleta_04,2026-03-29,7.75,305.7,401.14,478.46,474.2,1.01,Zona Optima
Atleta_04,2026-03-30,9.33,912.7,646.84,532.09,481.59,1.1,Zona Optima
Atleta_04,2026-03-31,5.15,200.0,355.58,500.86,468.61,1.07,Zona Optima
Atleta_04,2026-04-01,7.78,616.0,503.25,476.36,457.21,1.04,Zona Optima
Atleta_04,2026-04-02,11.56,440.0,598.66,504.5,471.4,1.07,Zona Optima
Atleta_04,2026-04-03,4.6,188.9,244.21,470.86,459.9,1.02,Zona Optima
Atleta_04,2026-04-04,4.79,673.5,390.32,448.57,457.04,0.98,Zona Optima
Atleta_04,2026-04-05,5.58,648.0,421.45,451.47,460.41,0.98,Zona Optima
Atleta_04,2026-04-06,6.13,156.6,396.54,415.72,450.93,0.92,Zona Optima
Atleta_04,2026-04-07,7.34,677.4,494.67,435.59,461.45,0.94,Zona Optima
Atleta_04,2026-04-08,5.89,346.2,336.7,411.79,456.08,0.9,Zona Optima
Atleta_04,2026-04-09,7.6,380.7,577.18,408.72,458.84,0.89,Zona Optima
Atleta_04,2026-04-10,9.71,273.9,475.6,441.78,460.41,0.96,Zona Optima
Atleta_04,2026-04-11,7.38,822.3,537.2,462.76,467.04,0.99,Zona Optima
Atleta_04,2026-04-12,3.71,269.4,232.36,435.75,456.23,0.96,Zona Optima
Atleta_04,2026-04-13,3.97,607.8,330.93,426.38,457.7,0.93,Zona Optima
Atleta_04,2026-04-14,4.39,272.2,245.38,390.76,448.86,0.87,Zona Optima
Atleta_04,2026-04-15,6.48,132.4,298.81,385.35,439.78,0.88,Zona Optima
Atleta_04,2026-04-16,8.44,218.2,548.57,381.26,444.32,0.86,Zona Optima
Atleta_04,2026-04-17,6.1,278.5,324.01,359.61,446.02,0.81,Zona Optima
Atleta_04,2026-04-18,5.02,634.4,520.64,357.24,436.75,0.82,Zona Optima
Atleta_04,2026-04-19,10.06,773.0,638.29,415.23,445.23,0.93,Zona Optima
Atleta_04,2026-04-20,10.55,473.6,567.4,449.01,455.8,0.99,Zona Optima
Atleta_04,2026-04-21,3.61,428.4,274.26,453.14,445.09,1.02,Zona Optima
Atleta_04,2026-04-22,10.39,261.4,665.85,505.57,444.77,1.14,Zona Optima
Atleta_04,2026-04-23,9.31,855.9,633.48,517.7,453.05,1.14,Zona Optima
Atleta_04,2026-04-24,6.61,504.9,414.79,530.67,450.73,1.18,Zona Optima
Atleta_04,2026-04-25,6.78,383.6,385.24,511.33,444.98,1.15,Zona Optima
Atleta_04,2026-04-26,6.23,248.5,444.58,483.66,446.53,1.08,Zona Optima
Atleta_04,2026-04-27,5.06,265.8,281.29,442.78,433.47,1.02,Zona Optima
Atleta_04,2026-04-28,11.81,636.3,665.57,498.69,444.54,1.12,Zona Optima
Atleta_04,2026-04-29,8.73,292.5,438.9,466.26,442.25,1.05,Zona Optima
Atleta_04,2026-04-30,10.44,294.5,674.29,472.09,444.95,1.06,Zona Optima
Atleta_04,2026-05-01,12.15,577.3,654.82,506.38,459.61,1.1,Zona Optima
Atleta_04,2026-05-02,3.87,273.2,236.25,485.1,454.11,1.07,Zona Optima
Atleta_04,2026-05-03,11.88,213.3,540.54,498.81,458.36,1.09,Zona Optima
Atleta_04,2026-05-04,6.53,861.6,524.68,533.58,462.94,1.15,Zona Optima
Atleta_04,2026-05-05,4.72,852.2,444.58,502.01,461.15,1.09,Zona Optima
Atleta_04,2026-05-06,10.9,155.4,472.68,506.83,466.01,1.09,Zona Optima
Atleta_04,2026-05-07,4.31,818.5,414.64,469.74,460.2,1.02,Zona Optima
Atleta_04,2026-05-08,4.25,178.8,222.74,408.02,451.17,0.9,Zona Optima
Atleta_04,2026-05-09,7.45,680.9,505.27,446.45,450.03,0.99,Zona Optima
Atleta_04,2026-05-10,9.35,350.4,481.21,437.97,458.92,0.95,Zona Optima
Atleta_04,2026-05-11,11.49,599.5,638.42,454.22,469.9,0.97,Zona Optima
Atleta_04,2026-05-12,4.9,879.7,461.95,456.7,477.63,0.96,Zona Optima
Atleta_04,2026-05-13,6.13,842.0,668.54,484.68,490.84,0.99,Zona Optima
Atleta_04,2026-05-14,7.02,681.1,486.84,495.0,488.63,1.01,Zona Optima
Atleta_04,2026-05-15,8.69,108.8,381.74,517.71,490.7,1.06,Zona Optima
Atleta_04,2026-05-16,5.41,581.1,392.25,501.56,486.11,1.03,Zona Optima
Atleta_04,2026-05-17,9.36,570.9,544.58,510.62,482.76,1.06,Zona Optima
Atleta_04,2026-05-18,11.34,901.5,723.76,522.81,488.35,1.07,Zona Optima
Atleta_04,2026-05-19,10.88,480.9,577.74,539.35,499.19,1.08,Zona Optima
Atleta_04,2026-05-20,9.03,144.6,400.38,501.04,489.71,1.02,Zona Optima
Atleta_04,2026-05-21,6.7,594.7,443.55,494.86,482.92,1.02,Zona Optima
Atleta_04,2026-05-22,7.76,328.5,410.61,498.98,482.77,1.03,Zona Optima
Atleta_04,2026-05-23,10.33,103.7,440.22,505.83,484.74,1.04,Zona Optima
Atleta_04,2026-05-24,7.39,910.6,570.03,509.47,489.22,1.04,Zona Optima
Atleta_04,2026-05-25,9.15,755.2,592.24,490.68,500.32,0.98,Zona Optima
Atleta_04,2026-05-26,6.07,579.6,411.53,466.94,491.25,0.95,Zona Optima
Atleta_04,2026-05-27,10.1,555.7,566.16,490.62,495.79,0.99,Zona Optima
Atleta_04,2026-05-28,6.93,322.2,372.66,480.49,485.02,0.99,Zona Optima
Atleta_04,2026-05-29,8.97,626.3,548.61,500.21,481.23,1.04,Zona Optima
Atleta_04,2026-05-30,10.3,283.8,495.89,508.16,490.5,1.04,Zona Optima
Atleta_04,2026-05-31,11.73,239.9,532.11,502.74,490.2,1.03,Zona Optima
Atleta_04,2026-06-01,12.0,131.0,519.32,492.33,490.01,1.0,Zona Optima
Atleta_04,2026-06-02,5.17,622.5,390.11,489.27,488.06,1.0,Zona Optima
Atleta_04,2026-06-03,4.07,130.0,201.13,437.12,478.37,0.91,Zona Optima
Atleta_04,2026-06-04,8.83,687.8,563.0,464.31,483.66,0.96,Zona Optima
Atleta_04,2026-06-05,8.49,656.2,534.07,462.23,494.78,0.93,Zona Optima
Atleta_04,2026-06-06,4.15,675.1,375.49,445.03,490.15,0.91,Zona Optima
Atleta_04,2026-06-07,8.75,617.4,533.89,445.29,492.03,0.91,Zona Optima
Atleta_04,2026-06-08,8.61,512.0,493.99,441.67,486.87,0.91,Zona Optima
Atleta_04,2026-06-09,4.4,238.9,257.95,422.79,479.59,0.88,Zona Optima
Atleta_04,2026-06-10,10.96,908.2,708.79,495.31,481.02,1.03,Zona Optima
Atleta_04,2026-06-11,7.64,887.3,581.43,497.94,484.4,1.03,Zona Optima
Atleta_04,2026-06-12,3.75,817.8,391.59,477.59,484.75,0.99,Zona Optima
Atleta_04,2026-06-13,4.84,537.9,342.13,472.82,482.96,0.98,Zona Optima
Atleta_04,2026-06-14,5.13,205.3,273.97,435.69,473.3,0.92,Zona Optima
Atleta_04,2026-06-15,3.66,867.6,404.47,422.9,461.9,0.92,Zona Optima
Atleta_04,2026-06-16,10.28,738.1,622.16,474.93,463.48,1.02,Zona Optima
Atleta_04,2026-06-17,4.6,109.4,213.33,404.15,456.8,0.88,Zona Optima
Atleta_04,2026-06-18,9.0,755.0,586.57,404.89,461.91,0.88,Zona Optima
Atleta_04,2026-06-19,8.0,452.5,460.59,414.75,463.69,0.89,Zona Optima
Atleta_04,2026-06-20,7.28,421.1,423.72,426.4,463.1,0.92,Zona Optima
Atleta_04,2026-06-21,12.1,300.1,578.54,469.91,463.41,1.01,Zona Optima
Atleta_04,2026-06-22,5.71,633.5,425.01,472.85,457.44,1.03,Zona Optima
Atleta_04,2026-06-23,4.65,441.7,429.15,445.27,458.07,0.97,Zona Optima
Atleta_04,2026-06-24,7.6,907.9,571.13,496.39,458.24,1.08,Zona Optima
Atleta_04,2026-06-25,8.74,637.0,543.33,490.21,464.34,1.06,Zona Optima
Atleta_04,2026-06-26,11.44,487.4,819.56,541.49,474.02,1.14,Zona Optima
Atleta_04,2026-06-27,6.28,598.0,429.95,542.38,471.66,1.15,Zona Optima
Atleta_04,2026-06-28,4.48,709.8,526.41,534.93,471.46,1.13,Zona Optima
Atleta_05,2026-03-01,10.19,361.6,512.47,512.47,512.47,1.0,Zona Optima
Atleta_05,2026-03-02,12.45,145.6,729.8,621.14,621.14,1.0,Zona Optima
Atleta_05,2026-03-03,10.18,713.8,618.26,620.18,620.18,1.0,Zona Optima
Atleta_05,2026-03-04,6.33,297.2,351.64,553.04,553.04,1.0,Zona Optima
Atleta_05,2026-03-05,8.24,694.1,522.02,546.84,546.84,1.0,Zona Optima
Atleta_05,2026-03-06,11.5,337.3,758.82,582.17,582.17,1.0,Zona Optima
Atleta_05,2026-03-07,10.45,220.0,490.65,569.09,569.09,1.0,Zona Optima
Atleta_05,2026-03-08,9.03,467.4,497.78,567.0,560.18,1.01,Zona Optima
Atleta_05,2026-03-09,4.46,232.3,244.48,497.66,525.1,0.95,Zona Optima
Atleta_05,2026-03-10,4.84,936.6,473.51,476.99,519.94,0.92,Zona Optima
Atleta_05,2026-03-11,4.77,820.4,429.28,488.08,511.7,0.95,Zona Optima
Atleta_05,2026-03-12,6.51,208.6,325.48,460.0,496.18,0.93,Zona Optima
Atleta_05,2026-03-13,7.78,746.0,540.35,428.79,499.58,0.86,Zona Optima
Atleta_05,2026-03-14,3.94,209.8,219.79,390.1,479.6,0.81,Zona Optima
Atleta_05,2026-03-15,3.72,450.4,280.26,359.02,466.31,0.77,Subentrenamiento
Atleta_05,2026-03-16,9.98,583.0,572.67,405.91,472.95,0.86,Zona Optima
Atleta_05,2026-03-17,9.25,677.0,576.29,420.59,479.03,0.88,Zona Optima
Atleta_05,2026-03-18,4.1,487.1,300.98,402.26,469.14,0.86,Zona Optima
Atleta_05,2026-03-19,10.27,474.8,557.31,435.38,473.78,0.92,Zona Optima
Atleta_05,2026-03-20,4.65,774.3,422.61,418.56,471.22,0.89,Zona Optima
Atleta_05,2026-03-21,8.93,342.7,461.39,453.07,470.75,0.96,Zona Optima
Atleta_05,2026-03-22,9.9,643.9,587.1,496.91,476.04,1.04,Zona Optima
Atleta_05,2026-03-23,11.69,370.7,574.46,497.16,480.32,1.04,Zona Optima
Atleta_05,2026-03-24,6.57,669.8,455.26,479.87,479.28,1.0,Zona Optima
Atleta_05,2026-03-25,8.43,577.4,685.66,534.83,487.53,1.1,Zona Optima
Atleta_05,2026-03-26,11.83,735.5,690.81,553.9,495.35,1.12,Zona Optima
Atleta_05,2026-03-27,4.24,208.8,224.06,525.53,485.3,1.08,Zona Optima
Atleta_05,2026-03-28,10.57,404.8,542.35,537.1,487.34,1.1,Zona Optima
Atleta_05,2026-03-29,8.77,608.6,540.58,530.45,488.34,1.09,Zona Optima
Atleta_05,2026-03-30,8.79,850.0,604.72,534.78,483.88,1.11,Zona Optima
Atleta_05,2026-03-31,8.48,735.4,556.35,549.22,481.67,1.14,Zona Optima
Atleta_05,2026-04-01,10.71,179.9,484.93,520.54,486.43,1.07,Zona Optima
Atleta_05,2026-04-02,3.86,508.4,315.07,466.87,479.04,0.97,Zona Optima
Atleta_05,2026-04-03,11.19,535.3,817.54,551.65,481.13,1.15,Zona Optima
Atleta_05,2026-04-04,9.26,593.8,553.11,553.19,483.36,1.14,Zona Optima
Atleta_05,2026-04-05,10.82,315.7,715.92,578.23,491.15,1.18,Zona Optima
Atleta_05,2026-04-06,10.28,838.0,666.1,587.0,506.21,1.16,Zona Optima
Atleta_05,2026-04-07,5.13,335.5,309.15,551.69,500.34,1.1,Zona Optima
Atleta_05,2026-04-08,11.86,670.3,683.64,580.08,509.43,1.14,Zona Optima
Atleta_05,2026-04-09,9.96,147.5,441.42,598.13,513.57,1.16,Zona Optima
Atleta_05,2026-04-10,5.79,796.1,646.27,573.66,517.35,1.11,Zona Optima
Atleta_05,2026-04-11,7.23,757.2,520.52,569.0,528.09,1.08,Zona Optima
Atleta_05,2026-04-12,11.47,512.1,608.78,553.7,539.82,1.03,Zona Optima
Atleta_05,2026-04-13,7.92,426.3,452.51,523.18,535.53,0.98,Zona Optima
Atleta_05,2026-04-14,8.99,654.1,558.17,558.76,534.88,1.04,Zona Optima
Atleta_05,2026-04-15,6.2,939.0,527.21,536.41,542.96,0.99,Zona Optima
Atleta_05,2026-04-16,4.99,744.6,570.61,554.87,543.44,1.02,Zona Optima
Atleta_05,2026-04-17,11.29,270.1,534.86,538.95,547.45,0.98,Zona Optima
Atleta_05,2026-04-18,4.07,266.3,244.52,499.52,539.7,0.93,Zona Optima
Atleta_05,2026-04-19,5.2,174.6,259.51,449.63,528.0,0.85,Zona Optima
Atleta_05,2026-04-20,5.3,805.5,458.65,450.5,523.87,0.86,Zona Optima
Atleta_05,2026-04-21,5.88,395.8,353.58,421.28,520.24,0.81,Zona Optima
Atleta_05,2026-04-22,8.26,663.2,525.61,421.05,514.52,0.82,Zona Optima
Atleta_05,2026-04-23,9.87,523.7,558.34,419.3,509.79,0.82,Zona Optima
Atleta_05,2026-04-24,11.63,368.8,575.65,425.12,522.35,0.81,Zona Optima
Atleta_05,2026-04-25,4.23,738.5,395.17,446.64,517.09,0.86,Zona Optima
Atleta_05,2026-04-26,4.19,502.9,315.38,454.63,509.05,0.89,Zona Optima
Atleta_05,2026-04-27,7.62,194.2,368.3,441.72,500.6,0.88,Zona Optima
Atleta_05,2026-04-28,8.51,947.9,624.69,480.45,503.04,0.96,Zona Optima
Atleta_05,2026-04-29,5.94,173.1,286.39,446.27,495.95,0.9,Zona Optima
Atleta_05,2026-04-30,9.49,440.4,510.95,439.5,502.95,0.87,Zona Optima
Atleta_05,2026-05-01,8.27,571.9,493.83,427.82,491.39,0.87,Zona Optima
Atleta_05,2026-05-02,5.26,522.5,361.43,423.0,484.54,0.87,Zona Optima
Atleta_05,2026-05-03,8.73,404.4,466.21,444.54,475.62,0.93,Zona Optima
Atleta_05,2026-05-04,4.89,626.7,523.62,466.73,470.53,0.99,Zona Optima
Atleta_05,2026-05-05,9.29,929.5,660.89,471.9,483.1,0.98,Zona Optima
Atleta_05,2026-05-06,8.47,591.9,507.31,503.46,476.8,1.06,Zona Optima
Atleta_05,2026-05-07,11.9,894.9,747.04,537.19,487.71,1.1,Zona Optima
Atleta_05,2026-05-08,10.96,784.8,667.34,561.98,488.47,1.15,Zona Optima
Atleta_05,2026-05-09,5.26,516.9,364.43,562.41,482.89,1.16,Zona Optima
Atleta_05,2026-05-10,7.25,494.6,440.72,558.76,476.89,1.17,Zona Optima
Atleta_05,2026-05-11,7.48,706.9,516.78,557.79,479.19,1.16,Zona Optima
Atleta_05,2026-05-12,5.24,491.4,360.62,514.89,472.13,1.09,Zona Optima
Atleta_05,2026-05-13,6.65,286.6,345.16,491.73,465.63,1.06,Zona Optima
Atleta_05,2026-05-14,8.06,651.1,518.3,459.05,463.76,0.99,Zona Optima
Atleta_05,2026-05-15,11.49,364.7,567.02,444.72,464.91,0.96,Zona Optima
Atleta_05,2026-05-16,11.89,587.2,649.33,485.42,479.37,1.01,Zona Optima
Atleta_05,2026-05-17,6.04,721.6,461.4,488.37,486.58,1.0,Zona Optima
Atleta_05,2026-05-18,10.66,548.3,589.07,498.7,491.23,1.02,Zona Optima
Atleta_05,2026-05-19,3.85,278.2,239.58,481.41,487.16,0.99,Zona Optima
Atleta_05,2026-05-20,9.14,733.5,583.87,515.51,489.24,1.05,Zona Optima
Atleta_05,2026-05-21,11.5,282.8,550.37,520.09,488.96,1.06,Zona Optima
Atleta_05,2026-05-22,11.51,868.3,718.98,541.8,494.08,1.1,Zona Optima
Atleta_05,2026-05-23,9.51,423.5,676.96,545.75,504.14,1.08,Zona Optima
Atleta_05,2026-05-24,8.5,400.8,457.21,545.15,509.21,1.07,Zona Optima
Atleta_05,2026-05-25,11.68,540.1,623.15,550.02,518.31,1.06,Zona Optima
Atleta_05,2026-05-26,11.94,297.4,564.57,596.44,516.16,1.16,Zona Optima
Atleta_05,2026-05-27,4.01,566.7,446.81,576.86,521.89,1.11,Zona Optima
Atleta_05,2026-05-28,7.45,248.6,366.22,550.56,516.72,1.07,Zona Optima
Atleta_05,2026-05-29,10.31,661.4,827.38,566.04,528.63,1.07,Zona Optima
Atleta_05,2026-05-30,10.72,773.1,893.69,597.0,547.64,1.09,Zona Optima
Atleta_05,2026-05-31,9.71,326.1,484.77,600.94,548.31,1.1,Zona Optima
Atleta_05,2026-06-01,7.08,234.0,355.42,562.69,542.3,1.04,Zona Optima
Atleta_05,2026-06-02,6.92,455.8,412.99,541.04,533.45,1.01,Zona Optima
Atleta_05,2026-06-03,10.74,865.6,691.51,576.0,540.02,1.07,Zona Optima
Atleta_05,2026-06-04,4.58,904.1,451.78,588.22,529.48,1.11,Zona Optima
Atleta_05,2026-06-05,11.57,906.6,737.98,575.45,532.0,1.08,Zona Optima
Atleta_05,2026-06-06,4.6,657.2,380.39,502.12,532.57,0.94,Zona Optima
Atleta_05,2026-06-07,10.64,119.5,629.38,522.78,539.31,0.97,Zona Optima
Atleta_05,2026-06-08,9.98,610.5,583.26,555.33,541.68,1.03,Zona Optima
Atleta_05,2026-06-09,6.46,806.9,499.63,567.7,546.65,1.04,Zona Optima
Atleta_05,2026-06-10,9.63,295.1,475.22,536.81,551.29,0.97,Zona Optima
Atleta_05,2026-06-11,5.09,179.8,262.28,509.73,542.15,0.94,Zona Optima
Atleta_05,2026-06-12,7.86,547.6,485.25,473.63,539.23,0.88,Zona Optima
Atleta_05,2026-06-13,11.21,682.3,661.55,513.8,539.67,0.95,Zona Optima
Atleta_05,2026-06-14,11.35,422.2,589.36,508.08,544.24,0.93,Zona Optima
Atleta_05,2026-06-15,6.78,364.1,375.7,478.43,536.62,0.89,Zona Optima
Atleta_05,2026-06-16,4.74,542.1,360.6,458.57,540.94,0.85,Zona Optima
Atleta_05,2026-06-17,5.07,882.4,465.03,457.11,536.69,0.85,Zona Optima
Atleta_05,2026-06-18,6.88,748.9,503.01,491.5,535.0,0.92,Zona Optima
Atleta_05,2026-06-19,11.55,264.2,547.13,500.34,528.87,0.95,Zona Optima
Atleta_05,2026-06-20,9.19,349.7,478.8,474.23,521.79,0.91,Zona Optima
Atleta_05,2026-06-21,8.25,573.5,494.29,460.65,523.11,0.88,Zona Optima
Atleta_05,2026-06-22,4.7,945.8,477.39,475.18,517.91,0.92,Zona Optima
Atleta_05,2026-06-23,11.84,350.2,586.88,507.5,518.7,0.98,Zona Optima
Atleta_05,2026-06-24,11.4,281.4,551.5,519.86,522.44,1.0,Zona Optima
Atleta_05,2026-06-25,6.72,263.6,344.73,497.25,521.68,0.95,Zona Optima
Atleta_05,2026-06-26,9.57,535.9,540.52,496.3,511.43,0.97,Zona Optima
Atleta_05,2026-06-27,11.27,691.7,656.83,521.73,502.97,1.04,Zona Optima
Atleta_05,2026-06-28,8.31,862.3,589.7,535.36,506.72,1.06,Zona Optima
Atleta_06,2026-03-01,11.26,120.5,657.5,657.5,657.5,1.0,Zona Optima
Atleta_06,2026-03-02,8.77,326.1,611.11,634.31,634.31,1.0,Zona Optima
Atleta_06,2026-03-03,7.29,227.4,358.56,542.39,542.39,1.0,Zona Optima
Atleta_06,2026-03-04,9.56,307.8,474.31,525.37,525.37,1.0,Zona Optima
Atleta_06,2026-03-05,12.55,340.9,603.59,541.01,541.01,1.0,Zona Optima
Atleta_06,2026-03-06,9.13,174.2,420.22,520.88,520.88,1.0,Zona Optima
Atleta_06,2026-03-07,11.42,864.2,720.22,549.36,549.36,1.0,Zona Optima
Atleta_06,2026-03-08,7.76,690.1,526.26,530.61,546.47,0.97,Zona Optima
Atleta_06,2026-03-09,4.41,834.1,416.97,502.88,532.08,0.95,Zona Optima
Atleta_06,2026-03-10,9.45,604.8,562.68,532.04,535.14,0.99,Zona Optima
Atleta_06,2026-03-11,13.32,416.3,657.82,558.25,546.29,1.02,Zona Optima
Atleta_06,2026-03-12,12.95,330.7,615.25,559.92,552.04,1.01,Zona Optima
Atleta_06,2026-03-13,11.59,649.6,651.93,593.02,559.72,1.06,Zona Optima
Atleta_06,2026-03-14,5.67,282.2,419.84,550.11,549.73,1.0,Zona Optima
Atleta_06,2026-03-15,10.07,569.4,578.3,557.54,551.64,1.01,Zona Optima
Atleta_06,2026-03-16,11.67,709.4,673.65,594.21,559.26,1.06,Zona Optima
Atleta_06,2026-03-17,9.0,927.8,645.71,606.07,564.35,1.07,Zona Optima
Atleta_06,2026-03-18,13.17,806.0,762.99,621.1,575.38,1.08,Zona Optima
Atleta_06,2026-03-19,10.97,200.2,493.8,603.75,571.09,1.06,Zona Optima
Atleta_06,2026-03-20,5.01,939.6,484.6,579.84,566.77,1.02,Zona Optima
Atleta_06,2026-03-21,4.83,201.5,337.1,568.02,555.83,1.02,Zona Optima
Atleta_06,2026-03-22,7.95,435.4,443.4,548.75,550.72,1.0,Zona Optima
Atleta_06,2026-03-23,9.73,814.8,631.63,542.75,554.24,0.98,Zona Optima
Atleta_06,2026-03-24,7.52,945.2,590.75,534.9,555.76,0.96,Zona Optima
Atleta_06,2026-03-25,13.62,326.9,643.21,517.78,559.26,0.93,Zona Optima
Atleta_06,2026-03-26,4.39,795.2,408.51,505.6,553.46,0.91,Zona Optima
Atleta_06,2026-03-27,6.61,254.1,458.43,501.86,549.94,0.91,Zona Optima
Atleta_06,2026-03-28,11.81,902.4,749.29,560.75,557.06,1.01,Zona Optima
Atleta_06,2026-03-29,13.26,272.2,611.02,584.69,555.4,1.05,Zona Optima
Atleta_06,2026-03-30,10.52,681.2,626.84,584.01,555.96,1.05,Zona Optima
Atleta_06,2026-03-31,5.7,574.2,408.15,557.92,557.73,1.0,Zona Optima
Atleta_06,2026-04-01,10.98,731.5,658.75,560.14,564.32,0.99,Zona Optima
Atleta_06,2026-04-02,12.4,204.2,556.75,581.32,562.65,1.03,Zona Optima
Atleta_06,2026-04-03,11.42,287.7,543.46,593.47,567.05,1.05,Zona Optima
Atleta_06,2026-04-04,5.02,803.6,438.6,549.08,556.99,0.99,Zona Optima
Atleta_06,2026-04-05,8.84,442.6,487.82,531.48,555.62,0.96,Zona Optima
Atleta_06,2026-04-06,6.87,515.7,432.7,503.75,556.18,0.91,Zona Optima
Atleta_06,2026-04-07,10.67,327.7,522.75,520.12,554.75,0.94,Zona Optima
Atleta_06,2026-04-08,10.48,902.6,692.43,524.93,555.99,0.94,Zona Optima
Atleta_06,2026-04-09,4.7,174.3,240.25,479.72,542.6,0.88,Zona Optima
Atleta_06,2026-04-10,11.86,815.1,717.5,504.58,544.94,0.93,Zona Optima
Atleta_06,2026-04-11,12.42,817.4,732.2,546.52,556.09,0.98,Zona Optima
Atleta_06,2026-04-12,11.55,660.1,889.2,603.86,567.2,1.06,Zona Optima
Atleta_06,2026-04-13,4.16,834.2,412.78,601.02,557.88,1.08,Zona Optima
Atleta_06,2026-04-14,12.07,790.7,727.9,630.32,560.81,1.12,Zona Optima
Atleta_06,2026-04-15,10.05,527.3,555.45,610.75,553.4,1.1,Zona Optima
Atleta_06,2026-04-16,12.11,176.9,535.22,652.89,554.88,1.18,Zona Optima
Atleta_06,2026-04-17,10.22,248.0,654.32,643.87,560.94,1.15,Zona Optima
Atleta_06,2026-04-18,6.66,328.5,364.89,591.39,561.94,1.05,Zona Optima
Atleta_06,2026-04-19,10.67,748.5,656.78,558.19,569.56,0.98,Zona Optima
Atleta_06,2026-04-20,7.8,616.4,492.83,569.63,564.6,1.01,Zona Optima
Atleta_06,2026-04-21,4.52,247.9,261.32,502.97,552.83,0.91,Zona Optima
Atleta_06,2026-04-22,10.88,405.4,748.4,530.54,556.59,0.95,Zona Optima
Atleta_06,2026-04-23,8.99,589.3,538.46,531.0,561.23,0.95,Zona Optima
Atleta_06,2026-04-24,4.92,530.1,357.68,488.62,557.63,0.88,Zona Optima
Atleta_06,2026-04-25,7.46,795.7,543.41,514.13,550.28,0.93,Zona Optima
Atleta_06,2026-04-26,5.45,667.6,567.6,501.39,548.73,0.91,Zona Optima
Atleta_06,2026-04-27,10.05,217.3,467.5,497.77,543.04,0.92,Zona Optima
Atleta_06,2026-04-28,9.52,615.2,565.6,541.24,548.66,0.99,Zona Optima
Atleta_06,2026-04-29,9.62,149.6,419.68,494.28,540.12,0.92,Zona Optima
Atleta_06,2026-04-30,6.61,519.3,420.1,477.37,535.24,0.89,Zona Optima
Atleta_06,2026-05-01,9.82,802.9,638.33,517.46,538.63,0.96,Zona Optima
Atleta_06,2026-05-02,12.81,751.6,739.9,545.53,549.39,0.99,Zona Optima
Atleta_06,2026-05-03,8.85,231.8,429.41,525.79,547.31,0.96,Zona Optima
Atleta_06,2026-05-04,6.16,1019.2,553.27,538.04,551.61,0.98,Zona Optima
Atleta_06,2026-05-05,6.5,653.1,456.03,522.39,549.23,0.95,Zona Optima
Atleta_06,2026-05-06,10.13,278.6,484.68,531.67,541.81,0.98,Zona Optima
Atleta_06,2026-05-07,8.01,699.3,529.22,547.26,552.13,0.99,Zona Optima
Atleta_06,2026-05-08,9.73,962.4,671.1,551.94,550.47,1.0,Zona Optima
Atleta_06,2026-05-09,7.91,886.4,588.34,530.29,545.34,0.97,Zona Optima
Atleta_06,2026-05-10,5.57,682.9,429.58,530.32,528.92,1.0,Zona Optima
Atleta_06,2026-05-11,9.09,459.6,501.4,522.91,532.09,0.98,Zona Optima
Atleta_06,2026-05-12,9.49,122.5,556.58,537.27,525.97,1.02,Zona Optima
Atleta_06,2026-05-13,4.8,449.9,325.75,514.57,517.76,0.99,Zona Optima
Atleta_06,2026-05-14,7.41,339.4,401.42,496.31,512.98,0.97,Zona Optima
Atleta_06,2026-05-15,5.55,355.8,328.71,447.4,501.36,0.89,Zona Optima
Atleta_06,2026-05-16,8.95,640.6,552.27,442.24,508.05,0.87,Zona Optima
Atleta_06,2026-05-17,11.92,151.0,522.86,455.57,503.27,0.91,Zona Optima
Atleta_06,2026-05-18,11.43,384.2,573.12,465.82,506.13,0.92,Zona Optima
Atleta_06,2026-05-19,10.25,561.7,579.23,469.05,517.49,0.91,Zona Optima
Atleta_06,2026-05-20,4.63,995.0,479.2,490.97,507.87,0.97,Zona Optima
Atleta_06,2026-05-21,10.86,717.0,650.0,526.48,511.86,1.03,Zona Optima
Atleta_06,2026-05-22,4.18,144.7,206.69,509.05,506.46,1.01,Zona Optima
Atleta_06,2026-05-23,3.98,1013.5,465.26,496.62,503.67,0.99,Zona Optima
Atleta_06,2026-05-24,4.96,255.6,272.77,460.9,493.14,0.93,Zona Optima
Atleta_06,2026-05-25,5.37,388.1,334.96,426.87,488.41,0.87,Zona Optima
Atleta_06,2026-05-26,9.03,967.0,650.98,437.12,491.46,0.89,Zona Optima
Atleta_06,2026-05-27,8.73,793.1,581.96,451.8,497.25,0.91,Zona Optima
Atleta_06,2026-05-28,8.75,651.0,549.11,437.39,501.86,0.87,Zona Optima
Atleta_06,2026-05-29,6.68,685.3,486.16,477.31,496.43,0.96,Zona Optima
Atleta_06,2026-05-30,12.23,191.9,555.91,490.26,489.86,1.0,Zona Optima
Atleta_06,2026-05-31,11.6,645.5,661.71,545.83,498.15,1.1,Zona Optima
Atleta_06,2026-06-01,6.42,267.9,350.11,547.99,490.9,1.12,Zona Optima
Atleta_06,2026-06-02,12.88,533.1,672.05,551.0,498.61,1.11,Zona Optima
Atleta_06,2026-06-03,10.91,513.4,596.38,553.06,502.6,1.1,Zona Optima
Atleta_06,2026-06-04,5.77,428.7,489.69,544.57,501.19,1.09,Zona Optima
Atleta_06,2026-06-05,7.36,159.8,341.34,523.88,489.41,1.07,Zona Optima
Atleta_06,2026-06-06,7.47,424.5,426.26,505.36,483.62,1.04,Zona Optima
Atleta_06,2026-06-07,10.97,133.9,639.61,502.21,491.12,1.02,Zona Optima
Atleta_06,2026-06-08,8.24,221.3,392.4,508.25,487.23,1.04,Zona Optima
Atleta_06,2026-06-09,10.44,742.4,642.02,503.96,490.28,1.03,Zona Optima
Atleta_06,2026-06-10,13.57,137.1,786.06,531.05,506.72,1.05,Zona Optima
Atleta_06,2026-06-11,13.44,229.1,612.07,548.54,514.25,1.07,Zona Optima
Atleta_06,2026-06-12,7.64,673.5,512.87,573.04,520.82,1.1,Zona Optima
Atleta_06,2026-06-13,7.15,659.6,657.66,606.1,524.59,1.16,Zona Optima
Atleta_06,2026-06-14,10.71,888.5,696.84,614.27,530.8,1.16,Zona Optima
Atleta_06,2026-06-15,7.03,548.1,599.12,643.81,531.73,1.21,Zona Optima
Atleta_06,2026-06-16,7.89,693.2,525.51,627.16,529.81,1.18,Zona Optima
Atleta_06,2026-06-17,7.91,1013.0,618.76,603.26,534.79,1.13,Zona Optima
Atleta_06,2026-06-18,4.04,547.1,433.65,577.77,527.07,1.1,Zona Optima
Atleta_06,2026-06-19,5.2,466.0,346.56,554.01,532.06,1.04,Zona Optima
Atleta_06,2026-06-20,4.57,992.6,646.81,552.46,538.55,1.03,Zona Optima
Atleta_06,2026-06-21,9.43,886.8,642.53,544.71,551.75,0.99,Zona Optima
Atleta_06,2026-06-22,6.08,808.8,489.83,529.09,557.28,0.95,Zona Optima
Atleta_06,2026-06-23,12.58,949.1,785.71,566.26,562.1,1.01,Zona Optima
Atleta_06,2026-06-24,12.16,575.3,663.7,572.68,565.02,1.01,Zona Optima
Atleta_06,2026-06-25,7.05,838.8,717.69,613.26,571.04,1.07,Zona Optima
Atleta_06,2026-06-26,8.43,596.9,515.78,637.44,572.09,1.11,Zona Optima
Atleta_06,2026-06-27,6.16,724.9,464.59,611.4,568.83,1.07,Zona Optima
Atleta_06,2026-06-28,12.35,220.9,559.88,599.6,565.2,1.06,Zona Optima
Atleta_07,2026-03-01,10.55,529.0,579.63,579.63,579.63,1.0,Zona Optima
Atleta_07,2026-03-02,7.92,387.4,582.3,580.96,580.96,1.0,Zona Optima
Atleta_07,2026-03-03,11.63,516.2,620.31,594.08,594.08,1.0,Zona Optima
Atleta_07,2026-03-04,9.7,698.3,597.6,594.96,594.96,1.0,Zona Optima
Atleta_07,2026-03-05,6.38,669.6,458.24,567.62,567.62,1.0,Zona Optima
Atleta_07,2026-03-06,9.82,661.2,595.35,572.24,572.24,1.0,Zona Optima
Atleta_07,2026-03-07,8.44,797.8,566.5,571.42,571.42,1.0,Zona Optima
Atleta_07,2026-03-08,8.93,376.5,467.8,555.44,558.47,0.99,Zona Optima
Atleta_07,2026-03-09,10.6,482.4,576.25,554.58,560.44,0.99,Zona Optima
Atleta_07,2026-03-10,3.83,388.7,268.87,504.37,531.29,0.95,Zona Optima
Atleta_07,2026-03-11,9.41,228.3,445.17,482.6,523.46,0.92,Zona Optima
Atleta_07,2026-03-12,9.3,774.8,817.25,533.88,547.94,0.97,Zona Optima
Atleta_07,2026-03-13,4.68,492.1,339.43,497.32,531.9,0.93,Zona Optima
Atleta_07,2026-03-14,3.86,165.3,202.63,445.34,508.38,0.88,Zona Optima
Atleta_07,2026-03-15,3.86,873.4,409.1,436.96,501.76,0.87,Zona Optima
Atleta_07,2026-03-16,3.9,857.7,559.63,434.58,505.38,0.86,Zona Optima
Atleta_07,2026-03-17,11.27,182.4,506.13,468.48,505.42,0.93,Zona Optima
Atleta_07,2026-03-18,10.14,640.5,600.68,490.69,510.71,0.96,Zona Optima
Atleta_07,2026-03-19,5.89,216.7,304.94,417.51,499.88,0.84,Zona Optima
Atleta_07,2026-03-20,3.67,395.5,255.61,405.53,487.67,0.83,Zona Optima
Atleta_07,2026-03-21,8.36,739.8,548.69,454.97,490.58,0.93,Zona Optima
Atleta_07,2026-03-22,7.25,821.5,546.11,474.54,493.1,0.96,Zona Optima
Atleta_07,2026-03-23,4.44,510.2,323.2,440.77,485.71,0.91,Zona Optima
Atleta_07,2026-03-24,11.52,599.0,637.48,459.53,492.04,0.93,Zona Optima
Atleta_07,2026-03-25,4.89,849.1,454.07,438.59,490.52,0.89,Zona Optima
Atleta_07,2026-03-26,10.93,463.6,574.71,477.12,493.76,0.97,Zona Optima
Atleta_07,2026-03-27,11.27,660.3,650.44,533.53,499.56,1.07,Zona Optima
Atleta_07,2026-03-28,8.19,235.1,397.75,511.97,495.92,1.03,Zona Optima
Atleta_07,2026-03-29,9.92,510.9,745.54,540.46,501.85,1.08,Zona Optima
Atleta_07,2026-03-30,7.35,439.4,430.48,555.78,496.43,1.12,Zona Optima
Atleta_07,2026-03-31,8.35,594.4,512.26,537.89,492.57,1.09,Zona Optima
Atleta_07,2026-04-01,10.01,794.1,640.54,564.53,494.1,1.14,Zona Optima
Atleta_07,2026-04-02,4.97,521.4,360.13,533.88,490.6,1.09,Zona Optima
Atleta_07,2026-04-03,7.56,688.3,511.81,514.07,487.61,1.05,Zona Optima
Atleta_07,2026-04-04,7.98,605.6,502.78,529.08,485.34,1.09,Zona Optima
Atleta_07,2026-04-05,10.37,854.5,905.88,551.98,500.98,1.1,Zona Optima
Atleta_07,2026-04-06,11.4,572.5,627.42,580.12,502.81,1.15,Zona Optima
Atleta_07,2026-04-07,9.68,242.1,455.31,571.98,509.47,1.12,Zona Optima
Atleta_07,2026-04-08,10.58,98.4,455.84,545.6,509.85,1.07,Zona Optima
Atleta_07,2026-04-09,7.2,739.2,504.01,566.15,498.66,1.14,Zona Optima
Atleta_07,2026-04-10,9.57,649.5,581.26,576.07,507.3,1.14,Zona Optima
Atleta_07,2026-04-11,11.47,232.5,528.69,579.77,518.95,1.12,Zona Optima
Atleta_07,2026-04-12,5.9,313.4,335.25,498.25,516.31,0.97,Zona Optima
Atleta_07,2026-04-13,11.47,850.1,967.43,546.83,530.87,1.03,Zona Optima
Atleta_07,2026-04-14,7.51,462.6,439.23,544.53,528.48,1.03,Zona Optima
Atleta_07,2026-04-15,3.86,812.7,405.62,537.36,521.52,1.03,Zona Optima
Atleta_07,2026-04-16,10.39,743.3,639.98,556.78,533.48,1.04,Zona Optima
Atleta_07,2026-04-17,7.92,414.5,441.04,536.75,540.11,0.99,Zona Optima
Atleta_07,2026-04-18,11.65,574.8,633.11,551.67,543.12,1.02,Zona Optima
Atleta_07,2026-04-19,8.65,863.2,808.51,619.27,552.49,1.12,Zona Optima
Atleta_07,2026-04-20,8.08,583.4,497.02,552.07,558.7,0.99,Zona Optima
Atleta_07,2026-04-21,11.51,799.2,692.05,588.19,560.65,1.05,Zona Optima
Atleta_07,2026-04-22,9.82,241.1,463.58,596.47,560.99,1.06,Zona Optima
Atleta_07,2026-04-23,9.1,303.1,459.93,570.75,556.89,1.02,Zona Optima
Atleta_07,2026-04-24,11.19,408.2,772.73,618.13,561.26,1.1,Zona Optima
Atleta_07,2026-04-25,6.63,634.2,465.0,594.12,563.66,1.05,Zona Optima
Atleta_07,2026-04-26,5.08,403.1,426.69,539.57,552.27,0.98,Zona Optima
Atleta_07,2026-04-27,7.87,702.8,521.28,543.04,555.51,0.98,Zona Optima
Atleta_07,2026-04-28,7.32,820.9,539.6,521.26,556.49,0.94,Zona Optima
Atleta_07,2026-04-29,4.04,765.7,386.5,510.25,547.42,0.93,Zona Optima
Atleta_07,2026-04-30,4.6,228.5,254.5,480.9,543.64,0.88,Zona Optima
Atleta_07,2026-05-01,8.49,422.1,634.95,461.22,548.04,0.84,Zona Optima
Atleta_07,2026-05-02,5.06,239.9,273.57,433.87,539.86,0.8,Zona Optima
Atleta_07,2026-05-03,3.71,484.4,405.26,430.81,521.98,0.83,Zona Optima
Atleta_07,2026-05-04,7.71,733.0,530.67,432.15,518.52,0.83,Zona Optima
Atleta_07,2026-05-05,6.25,138.4,395.03,411.5,516.37,0.8,Subentrenamiento
Atleta_07,2026-05-06,7.52,107.6,335.96,404.28,512.09,0.79,Subentrenamiento
Atleta_07,2026-05-07,9.12,856.0,842.29,488.25,524.17,0.93,Zona Optima
Atleta_07,2026-05-08,7.99,121.1,476.98,465.68,520.44,0.89,Zona Optima
Atleta_07,2026-05-09,5.49,769.0,447.34,490.5,517.54,0.95,Zona Optima
Atleta_07,2026-05-10,9.43,399.4,672.62,528.7,529.59,1.0,Zona Optima
Atleta_07,2026-05-11,3.8,210.1,217.99,484.03,502.82,0.96,Zona Optima
Atleta_07,2026-05-12,9.26,428.9,498.48,498.81,504.94,0.99,Zona Optima
Atleta_07,2026-05-13,5.49,186.8,370.24,503.71,503.68,1.0,Zona Optima
Atleta_07,2026-05-14,7.68,447.3,445.37,447.0,496.72,0.9,Zona Optima
Atleta_07,2026-05-15,8.76,871.6,609.1,465.88,502.73,0.93,Zona Optima
Atleta_07,2026-05-16,7.19,806.9,533.83,478.23,499.18,0.96,Zona Optima
Atleta_07,2026-05-17,8.61,740.8,567.91,463.27,490.59,0.94,Zona Optima
Atleta_07,2026-05-18,7.25,325.0,521.09,506.57,491.45,1.03,Zona Optima
Atleta_07,2026-05-19,11.63,678.9,663.49,530.15,490.43,1.08,Zona Optima
Atleta_07,2026-05-20,8.67,245.4,574.99,559.4,494.41,1.13,Zona Optima
Atleta_07,2026-05-21,6.11,615.8,428.3,556.96,493.28,1.13,Zona Optima
Atleta_07,2026-05-22,4.75,597.4,369.57,522.74,478.88,1.09,Zona Optima
Atleta_07,2026-05-23,8.21,535.3,496.49,517.41,480.0,1.08,Zona Optima
Atleta_07,2026-05-24,9.65,452.2,522.93,510.98,483.44,1.06,Zona Optima
Atleta_07,2026-05-25,6.72,130.2,314.7,481.5,476.06,1.01,Zona Optima
Atleta_07,2026-05-26,8.88,108.0,386.25,441.89,470.59,0.94,Zona Optima
Atleta_07,2026-05-27,8.03,769.3,554.4,438.95,476.58,0.92,Zona Optima
Atleta_07,2026-05-28,9.0,530.1,521.98,452.33,486.14,0.93,Zona Optima
Atleta_07,2026-05-29,5.32,257.1,281.03,439.68,473.5,0.93,Zona Optima
Atleta_07,2026-05-30,6.32,527.7,418.39,428.53,478.67,0.9,Zona Optima
Atleta_07,2026-05-31,5.31,623.7,398.99,410.82,478.44,0.86,Zona Optima
Atleta_07,2026-06-01,9.2,869.2,636.41,456.78,482.22,0.95,Zona Optima
Atleta_07,2026-06-02,5.03,462.9,344.78,450.85,480.42,0.94,Zona Optima
Atleta_07,2026-06-03,10.23,263.0,660.94,466.07,492.03,0.95,Zona Optima
Atleta_07,2026-06-04,4.1,106.2,193.54,419.15,468.86,0.89,Zona Optima
Atleta_07,2026-06-05,6.05,564.2,407.95,437.29,466.4,0.94,Zona Optima
Atleta_07,2026-06-06,10.51,308.0,508.01,450.09,468.56,0.96,Zona Optima
Atleta_07,2026-06-07,6.72,333.5,377.31,446.99,458.02,0.98,Zona Optima
Atleta_07,2026-06-08,4.87,417.6,430.22,417.54,465.6,0.9,Zona Optima
Atleta_07,2026-06-09,10.29,408.1,528.04,443.72,466.65,0.95,Zona Optima
Atleta_07,2026-06-10,10.16,697.9,625.24,438.62,475.76,0.92,Zona Optima
Atleta_07,2026-06-11,7.52,457.1,437.26,473.43,475.47,1.0,Zona Optima
Atleta_07,2026-06-12,3.52,134.5,177.78,440.55,460.06,0.96,Zona Optima
Atleta_07,2026-06-13,9.53,428.6,514.25,441.44,459.37,0.96,Zona Optima
Atleta_07,2026-06-14,9.71,110.5,420.08,447.55,454.09,0.99,Zona Optima
Atleta_07,2026-06-15,7.04,415.5,404.17,443.83,449.91,0.99,Zona Optima
Atleta_07,2026-06-16,9.47,322.8,478.72,436.79,443.31,0.99,Zona Optima
Atleta_07,2026-06-17,10.31,797.6,657.38,441.38,446.25,0.99,Zona Optima
Atleta_07,2026-06-18,7.89,431.0,441.93,442.04,446.74,0.99,Zona Optima
Atleta_07,2026-06-19,6.6,402.6,385.68,471.74,447.32,1.05,Zona Optima
Atleta_07,2026-06-20,4.01,151.5,196.51,426.35,436.6,0.98,Zona Optima
Atleta_07,2026-06-21,10.84,808.4,680.01,463.49,442.21,1.05,Zona Optima
Atleta_07,2026-06-22,9.91,444.3,523.12,480.48,449.66,1.07,Zona Optima
Atleta_07,2026-06-23,5.54,757.5,453.88,476.93,452.07,1.05,Zona Optima
Atleta_07,2026-06-24,10.53,510.7,570.9,464.58,452.66,1.03,Zona Optima
Atleta_07,2026-06-25,5.14,128.9,244.12,436.32,442.74,0.99,Zona Optima
Atleta_07,2026-06-26,8.75,641.2,547.45,459.43,452.25,1.02,Zona Optima
Atleta_07,2026-06-27,8.97,535.3,514.96,504.92,455.7,1.11,Zona Optima
Atleta_07,2026-06-28,10.51,325.7,698.04,507.5,466.38,1.09,Zona Optima
Atleta_08,2026-03-01,10.37,859.1,662.01,662.01,662.01,1.0,Zona Optima
Atleta_08,2026-03-02,7.08,717.3,496.15,579.08,579.08,1.0,Zona Optima
Atleta_08,2026-03-03,8.82,519.7,517.74,558.63,558.63,1.0,Zona Optima
Atleta_08,2026-03-04,6.09,239.4,317.02,498.23,498.23,1.0,Zona Optima
Atleta_08,2026-03-05,4.37,657.9,369.4,472.46,472.46,1.0,Zona Optima
Atleta_08,2026-03-06,9.93,420.9,523.61,480.99,480.99,1.0,Zona Optima
Atleta_08,2026-03-07,11.09,241.2,521.34,486.75,486.75,1.0,Zona Optima
Atleta_08,2026-03-08,9.08,752.2,790.72,505.14,524.75,0.96,Zona Optima
Atleta_08,2026-03-09,7.18,423.1,419.03,494.12,513.0,0.96,Zona Optima
Atleta_08,2026-03-10,7.45,158.4,470.67,487.4,508.77,0.96,Zona Optima
Atleta_08,2026-03-11,9.02,798.5,601.55,528.05,517.2,1.02,Zona Optima
Atleta_08,2026-03-12,10.55,458.1,559.5,555.2,520.73,1.07,Zona Optima
Atleta_08,2026-03-13,10.93,623.6,629.51,570.33,529.1,1.08,Zona Optima
Atleta_08,2026-03-14,9.07,800.3,610.88,583.12,534.94,1.09,Zona Optima
Atleta_08,2026-03-15,7.62,627.7,661.77,564.7,543.39,1.04,Zona Optima
Atleta_08,2026-03-16,8.8,860.7,612.66,592.36,547.72,1.08,Zona Optima
Atleta_08,2026-03-17,7.52,813.5,549.43,603.61,547.82,1.1,Zona Optima
Atleta_08,2026-03-18,6.79,107.7,409.76,576.22,540.15,1.07,Zona Optima
Atleta_08,2026-03-19,8.86,413.8,472.06,563.72,536.57,1.05,Zona Optima
Atleta_08,2026-03-20,6.65,171.9,321.9,519.78,525.84,0.99,Zona Optima
Atleta_08,2026-03-21,3.63,759.0,363.37,484.42,518.1,0.93,Zona Optima
Atleta_08,2026-03-22,7.25,366.5,386.93,445.16,512.14,0.87,Zona Optima
Atleta_08,2026-03-23,4.76,488.4,336.93,405.77,504.52,0.8,Zona Optima
Atleta_08,2026-03-24,5.25,320.7,414.28,386.46,500.76,0.77,Subentrenamiento
Atleta_08,2026-03-25,7.55,277.3,382.06,382.5,496.01,0.77,Subentrenamiento
Atleta_08,2026-03-26,3.99,277.0,241.41,349.55,486.22,0.72,Subentrenamiento
Atleta_08,2026-03-27,10.51,105.6,448.01,367.57,484.8,0.76,Subentrenamiento
Atleta_08,2026-03-28,10.65,485.2,561.98,395.94,487.56,0.81,Zona Optima
Atleta_08,2026-03-29,5.57,337.6,320.71,386.48,475.37,0.81,Zona Optima
Atleta_08,2026-03-30,10.48,294.7,512.12,411.51,475.94,0.86,Zona Optima
Atleta_08,2026-03-31,9.6,719.3,803.01,467.04,486.13,0.96,Zona Optima
Atleta_08,2026-04-01,4.56,686.9,380.69,466.85,488.4,0.96,Zona Optima
Atleta_08,2026-04-02,6.12,377.5,349.79,482.33,487.7,0.99,Zona Optima
Atleta_08,2026-04-03,4.26,780.6,401.83,475.73,483.35,0.98,Zona Optima
Atleta_08,2026-04-04,9.26,294.0,453.52,460.24,480.93,0.96,Zona Optima
Atleta_08,2026-04-05,10.35,559.0,578.58,497.08,473.36,1.05,Zona Optima
Atleta_08,2026-04-06,4.27,152.3,218.92,455.19,466.21,0.98,Zona Optima
Atleta_08,2026-04-07,7.82,655.3,510.56,413.41,467.63,0.88,Zona Optima
Atleta_08,2026-04-08,3.53,342.6,249.06,394.61,455.04,0.87,Zona Optima
Atleta_08,2026-04-09,4.55,730.2,399.88,401.76,449.34,0.89,Zona Optima
Atleta_08,2026-04-10,9.51,853.7,865.61,468.02,457.78,1.02,Zona Optima
Atleta_08,2026-04-11,11.26,432.1,581.21,486.26,456.72,1.06,Zona Optima
Atleta_08,2026-04-12,8.83,666.2,753.89,511.3,460.01,1.11,Zona Optima
Atleta_08,2026-04-13,4.81,275.2,273.11,519.05,447.88,1.16,Zona Optima
Atleta_08,2026-04-14,8.88,420.9,644.79,538.22,451.28,1.19,Zona Optima
Atleta_08,2026-04-15,8.42,758.7,565.56,583.44,456.85,1.28,Zona Optima
Atleta_08,2026-04-16,9.77,709.9,605.84,612.86,461.63,1.33,Advertencia
Atleta_08,2026-04-17,4.8,617.9,378.69,543.3,463.66,1.17,Zona Optima
Atleta_08,2026-04-18,4.63,791.3,430.67,521.79,466.06,1.12,Zona Optima
Atleta_08,2026-04-19,11.29,365.5,566.71,495.05,472.48,1.05,Zona Optima
Atleta_08,2026-04-20,8.96,514.7,690.8,554.72,485.12,1.14,Zona Optima
Atleta_08,2026-04-21,7.15,171.2,333.61,510.27,482.24,1.06,Zona Optima
Atleta_08,2026-04-22,6.09,558.5,412.23,488.36,483.31,1.01,Zona Optima
Atleta_08,2026-04-23,5.0,326.0,296.72,444.2,485.29,0.92,Zona Optima
Atleta_08,2026-04-24,5.0,684.4,404.23,447.85,483.73,0.93,Zona Optima
Atleta_08,2026-04-25,3.97,357.6,269.62,424.85,473.28,0.9,Zona Optima
Atleta_08,2026-04-26,7.51,493.3,453.75,408.71,478.04,0.85,Zona Optima
Atleta_08,2026-04-27,4.22,573.2,341.24,358.77,471.93,0.76,Subentrenamiento
Atleta_08,2026-04-28,9.42,822.7,621.68,399.92,465.46,0.86,Zona Optima
Atleta_08,2026-04-29,4.99,556.3,363.85,393.01,464.86,0.85,Zona Optima
Atleta_08,2026-04-30,9.31,332.3,474.88,418.46,469.32,0.89,Zona Optima
Atleta_08,2026-05-01,4.81,253.5,268.7,399.1,464.57,0.86,Zona Optima
Atleta_08,2026-05-02,4.61,141.2,223.72,392.55,456.36,0.86,Zona Optima
Atleta_08,2026-05-03,7.2,337.1,393.37,383.92,449.75,0.85,Zona Optima
Atleta_08,2026-05-04,7.25,521.8,446.09,398.9,457.86,0.87,Zona Optima
Atleta_08,2026-05-05,10.26,191.9,469.24,377.12,456.38,0.83,Zona Optima
Atleta_08,2026-05-06,8.31,762.4,565.82,405.97,467.7,0.87,Zona Optima
Atleta_08,2026-05-07,4.56,838.5,428.8,399.39,468.73,0.85,Zona Optima
Atleta_08,2026-05-08,10.4,663.8,617.59,449.23,459.87,0.98,Zona Optima
Atleta_08,2026-05-09,7.95,678.8,519.12,491.43,457.65,1.07,Zona Optima
Atleta_08,2026-05-10,3.73,655.9,339.31,483.71,442.85,1.09,Zona Optima
Atleta_08,2026-05-11,7.93,854.6,775.82,530.81,460.8,1.15,Zona Optima
Atleta_08,2026-05-12,5.56,744.8,439.84,526.61,453.48,1.16,Zona Optima
Atleta_08,2026-05-13,7.42,793.0,717.34,548.26,458.9,1.19,Zona Optima
Atleta_08,2026-05-14,3.94,108.5,193.36,514.63,444.17,1.16,Zona Optima
Atleta_08,2026-05-15,5.14,409.0,438.93,489.1,446.32,1.1,Zona Optima
Atleta_08,2026-05-16,3.73,741.5,371.78,468.05,444.22,1.05,Zona Optima
Atleta_08,2026-05-17,7.53,731.0,521.16,494.03,442.59,1.12,Zona Optima
Atleta_08,2026-05-18,8.95,572.6,712.93,485.05,443.38,1.09,Zona Optima
Atleta_08,2026-05-19,5.23,399.5,445.05,485.79,447.36,1.09,Zona Optima
Atleta_08,2026-05-20,9.17,818.3,612.84,470.86,454.53,1.04,Zona Optima
Atleta_08,2026-05-21,6.96,119.6,318.1,488.68,455.29,1.07,Zona Optima
Atleta_08,2026-05-22,4.93,711.3,413.36,485.03,455.62,1.06,Zona Optima
Atleta_08,2026-05-23,8.88,321.1,456.56,497.14,462.29,1.08,Zona Optima
Atleta_08,2026-05-24,3.44,542.6,296.98,465.12,456.7,1.02,Zona Optima
Atleta_08,2026-05-25,7.58,739.8,703.63,463.79,469.64,0.99,Zona Optima
Atleta_08,2026-05-26,4.07,222.3,232.44,433.42,455.74,0.95,Zona Optima
Atleta_08,2026-05-27,9.46,313.6,473.59,413.52,459.66,0.9,Zona Optima
Atleta_08,2026-05-28,5.97,670.0,441.73,431.18,458.47,0.94,Zona Optima
Atleta_08,2026-05-29,5.42,289.2,298.61,414.79,459.54,0.9,Zona Optima
Atleta_08,2026-05-30,3.39,517.3,385.8,404.68,465.33,0.87,Zona Optima
Atleta_08,2026-05-31,9.4,293.1,465.59,428.77,467.91,0.92,Zona Optima
Atleta_08,2026-06-01,7.05,340.2,384.54,383.19,465.71,0.82,Zona Optima
Atleta_08,2026-06-02,4.77,740.2,408.76,408.37,463.55,0.88,Zona Optima
Atleta_08,2026-06-03,8.62,118.3,372.12,393.88,456.63,0.86,Zona Optima
Atleta_08,2026-06-04,5.7,193.5,284.4,371.4,451.47,0.82,Zona Optima
Atleta_08,2026-06-05,5.62,702.5,443.68,392.13,445.26,0.88,Zona Optima
Atleta_08,2026-06-06,4.25,545.9,327.12,383.74,438.41,0.88,Zona Optima
Atleta_08,2026-06-07,8.38,620.0,522.53,391.88,444.95,0.88,Zona Optima
Atleta_08,2026-06-08,4.41,281.8,350.9,387.07,429.77,0.9,Zona Optima
Atleta_08,2026-06-09,5.19,488.9,351.72,378.92,426.63,0.89,Zona Optima
Atleta_08,2026-06-10,4.11,722.4,387.59,381.13,414.85,0.92,Zona Optima
Atleta_08,2026-06-11,8.64,771.2,573.81,422.48,428.44,0.99,Zona Optima
Atleta_08,2026-06-12,9.65,152.9,432.11,420.83,428.19,0.98,Zona Optima
Atleta_08,2026-06-13,6.37,135.2,297.43,416.58,425.54,0.98,Zona Optima
Atleta_08,2026-06-14,6.16,129.6,380.53,396.3,420.52,0.94,Zona Optima
Atleta_08,2026-06-15,9.66,702.2,586.13,429.9,415.99,1.03,Zona Optima
Atleta_08,2026-06-16,3.5,169.9,189.1,406.67,406.85,1.0,Zona Optima
Atleta_08,2026-06-17,5.71,293.6,318.24,396.76,396.32,1.0,Zona Optima
Atleta_08,2026-06-18,9.93,471.1,531.86,390.77,403.96,0.97,Zona Optima
Atleta_08,2026-06-19,8.77,209.2,407.21,387.21,403.74,0.96,Zona Optima
Atleta_08,2026-06-20,9.2,162.1,418.48,404.51,402.38,1.01,Zona Optima
Atleta_08,2026-06-21,4.81,361.6,299.82,392.98,402.48,0.98,Zona Optima
Atleta_08,2026-06-22,10.75,448.3,564.59,389.9,397.52,0.98,Zona Optima
Atleta_08,2026-06-23,3.48,758.0,365.93,415.16,402.28,1.03,Zona Optima
Atleta_08,2026-06-24,5.83,713.0,452.15,434.29,401.52,1.08,Zona Optima
Atleta_08,2026-06-25,11.0,387.6,750.51,465.53,412.54,1.13,Zona Optima
Atleta_08,2026-06-26,6.33,314.3,340.26,455.96,414.03,1.1,Zona Optima
Atleta_08,2026-06-27,6.73,845.7,519.21,470.35,418.8,1.12,Zona Optima
Atleta_08,2026-06-28,11.17,228.2,691.79,526.35,426.88,1.23,Zona Optima
Atleta_09,2026-03-01,10.65,949.5,708.8,708.8,708.8,1.0,Zona Optima
Atleta_09,2026-03-02,11.65,300.9,555.25,632.02,632.02,1.0,Zona Optima
Atleta_09,2026-03-03,7.5,992.2,600.91,621.65,621.65,1.0,Zona Optima
Atleta_09,2026-03-04,4.45,499.3,330.1,548.76,548.76,1.0,Zona Optima
Atleta_09,2026-03-05,13.41,183.8,590.39,557.09,557.09,1.0,Zona Optima
Atleta_09,2026-03-06,10.24,911.3,676.44,576.98,576.98,1.0,Zona Optima
Atleta_09,2026-03-07,5.09,501.1,359.59,545.93,545.93,1.0,Zona Optima
Atleta_09,2026-03-08,6.45,290.3,351.97,494.95,521.68,0.95,Zona Optima
Atleta_09,2026-03-09,5.3,155.6,257.43,452.4,492.32,0.92,Zona Optima
Atleta_09,2026-03-10,7.89,901.0,586.91,450.4,501.78,0.9,Zona Optima
Atleta_09,2026-03-11,9.13,634.0,559.07,483.11,506.99,0.95,Zona Optima
Atleta_09,2026-03-12,5.18,287.1,290.01,440.2,488.91,0.9,Zona Optima
Atleta_09,2026-03-13,10.26,337.8,695.13,442.87,504.77,0.88,Zona Optima
Atleta_09,2026-03-14,6.92,629.6,475.82,459.48,502.7,0.91,Zona Optima
Atleta_09,2026-03-15,5.4,452.3,470.44,476.4,500.55,0.95,Zona Optima
Atleta_09,2026-03-16,9.59,511.8,528.97,515.19,502.33,1.03,Zona Optima
Atleta_09,2026-03-17,6.32,854.3,503.91,503.34,502.42,1.0,Zona Optima
Atleta_09,2026-03-18,9.03,653.9,563.68,503.99,505.82,1.0,Zona Optima
Atleta_09,2026-03-19,7.89,875.2,575.33,544.75,509.48,1.07,Zona Optima
Atleta_09,2026-03-20,6.78,739.2,494.89,516.15,508.75,1.01,Zona Optima
Atleta_09,2026-03-21,4.12,517.5,322.44,494.24,499.88,0.99,Zona Optima
Atleta_09,2026-03-22,7.1,873.9,554.79,506.29,502.38,1.01,Zona Optima
Atleta_09,2026-03-23,13.45,811.4,774.9,541.42,514.22,1.05,Zona Optima
Atleta_09,2026-03-24,11.65,755.5,683.55,567.08,521.28,1.09,Zona Optima
Atleta_09,2026-03-25,4.08,916.0,588.72,570.66,523.98,1.09,Zona Optima
Atleta_09,2026-03-26,11.39,902.9,725.51,592.11,531.73,1.11,Zona Optima
Atleta_09,2026-03-27,5.3,219.1,276.21,560.87,522.27,1.07,Zona Optima
Atleta_09,2026-03-28,11.57,781.3,698.24,614.56,528.55,1.16,Zona Optima
Atleta_09,2026-03-29,4.82,816.2,440.13,598.18,518.95,1.15,Zona Optima
Atleta_09,2026-03-30,12.42,936.5,778.24,598.66,526.92,1.14,Zona Optima
Atleta_09,2026-03-31,7.47,321.2,395.4,557.49,519.58,1.07,Zona Optima
Atleta_09,2026-04-01,4.98,723.6,419.83,533.37,522.78,1.02,Zona Optima
Atleta_09,2026-04-02,4.8,1017.4,498.79,500.98,519.51,0.96,Zona Optima
Atleta_09,2026-04-03,6.25,320.9,345.83,510.92,507.7,1.01,Zona Optima
Atleta_09,2026-04-04,7.13,335.5,380.23,465.49,508.44,0.92,Zona Optima
Atleta_09,2026-04-05,6.52,520.5,565.89,483.46,516.08,0.94,Zona Optima
Atleta_09,2026-04-06,4.48,397.2,300.65,415.23,517.63,0.8,Zona Optima
Atleta_09,2026-04-07,5.95,753.7,463.19,424.92,513.21,0.83,Zona Optima
Atleta_09,2026-04-08,9.37,713.0,591.68,449.47,514.37,0.87,Zona Optima
Atleta_09,2026-04-09,10.65,127.8,451.86,442.76,520.15,0.85,Zona Optima
Atleta_09,2026-04-10,11.99,184.0,538.88,470.34,514.57,0.91,Zona Optima
Atleta_09,2026-04-11,5.76,680.4,440.88,479.0,513.32,0.93,Zona Optima
Atleta_09,2026-04-12,7.76,736.1,529.91,473.86,515.45,0.92,Zona Optima
Atleta_09,2026-04-13,10.5,354.0,698.85,530.75,521.51,1.02,Zona Optima
Atleta_09,2026-04-14,8.38,551.0,508.56,537.23,521.68,1.03,Zona Optima
Atleta_09,2026-04-15,12.35,708.2,712.94,554.55,527.01,1.05,Zona Optima
Atleta_09,2026-04-16,10.34,298.2,504.06,562.01,524.47,1.07,Zona Optima
Atleta_09,2026-04-17,6.48,938.2,536.31,561.64,525.95,1.07,Zona Optima
Atleta_09,2026-04-18,10.15,504.9,556.89,578.22,534.32,1.08,Zona Optima
Atleta_09,2026-04-19,9.35,511.9,531.64,578.46,533.49,1.08,Zona Optima
Atleta_09,2026-04-20,7.6,987.4,604.39,564.97,527.4,1.07,Zona Optima
Atleta_09,2026-04-21,11.4,808.1,699.08,592.19,527.96,1.12,Zona Optima
Atleta_09,2026-04-22,11.42,449.7,587.93,574.33,527.93,1.09,Zona Optima
Atleta_09,2026-04-23,6.6,342.6,362.17,554.06,514.95,1.08,Zona Optima
Atleta_09,2026-04-24,8.71,849.0,807.69,592.83,533.93,1.11,Zona Optima
Atleta_09,2026-04-25,6.05,776.3,475.3,581.17,525.97,1.1,Zona Optima
Atleta_09,2026-04-26,4.83,955.8,479.51,573.72,527.38,1.09,Zona Optima
Atleta_09,2026-04-27,4.89,907.4,472.79,554.92,516.47,1.07,Zona Optima
Atleta_09,2026-04-28,4.75,731.5,419.72,515.02,517.34,1.0,Zona Optima
Atleta_09,2026-04-29,10.46,122.4,456.44,496.23,518.64,0.96,Zona Optima
Atleta_09,2026-04-30,13.02,266.4,595.07,529.5,522.08,1.01,Zona Optima
Atleta_09,2026-05-01,8.94,529.6,531.52,490.05,528.72,0.93,Zona Optima
Atleta_09,2026-05-02,10.21,986.5,708.2,523.32,540.43,0.97,Zona Optima
Atleta_09,2026-05-03,7.16,979.0,581.51,537.89,540.99,0.99,Zona Optima
Atleta_09,2026-05-04,10.95,345.7,537.39,547.12,549.44,1.0,Zona Optima
Atleta_09,2026-05-05,13.35,917.7,810.98,603.02,561.86,1.07,Zona Optima
Atleta_09,2026-05-06,8.55,886.2,611.2,625.12,562.56,1.11,Zona Optima
Atleta_09,2026-05-07,9.05,130.2,402.23,597.58,560.79,1.07,Zona Optima
Atleta_09,2026-05-08,7.78,507.0,450.87,586.05,557.64,1.05,Zona Optima
Atleta_09,2026-05-09,4.35,363.9,376.13,538.62,555.33,0.97,Zona Optima
Atleta_09,2026-05-10,5.16,661.5,398.23,512.43,550.63,0.93,Zona Optima
Atleta_09,2026-05-11,10.9,147.1,480.71,504.34,542.84,0.93,Zona Optima
Atleta_09,2026-05-12,11.73,795.7,713.68,490.44,550.16,0.89,Zona Optima
Atleta_09,2026-05-13,12.69,731.6,726.98,506.98,550.67,0.92,Zona Optima
Atleta_09,2026-05-14,5.48,390.8,336.94,497.65,544.7,0.91,Zona Optima
Atleta_09,2026-05-15,7.66,763.4,542.69,510.77,544.92,0.94,Zona Optima
Atleta_09,2026-05-16,9.42,916.4,645.75,549.28,548.1,1.0,Zona Optima
Atleta_09,2026-05-17,12.22,990.5,791.61,605.48,557.38,1.09,Zona Optima
Atleta_09,2026-05-18,11.14,762.1,675.92,633.37,559.94,1.13,Zona Optima
Atleta_09,2026-05-19,10.7,637.8,626.56,620.92,557.35,1.11,Zona Optima
Atleta_09,2026-05-20,5.98,587.6,411.18,575.81,551.03,1.04,Zona Optima
Atleta_09,2026-05-21,8.05,751.5,743.29,633.86,564.65,1.12,Zona Optima
Atleta_09,2026-05-22,6.0,259.2,309.46,600.54,546.85,1.1,Zona Optima
Atleta_09,2026-05-23,12.57,534.7,664.93,603.28,553.62,1.09,Zona Optima
Atleta_09,2026-05-24,10.51,666.6,625.79,579.59,558.85,1.04,Zona Optima
Atleta_09,2026-05-25,12.36,767.4,738.2,588.49,568.33,1.04,Zona Optima
Atleta_09,2026-05-26,12.06,583.7,883.91,625.25,584.91,1.07,Zona Optima
Atleta_09,2026-05-27,7.42,151.3,343.11,615.53,580.86,1.06,Zona Optima
Atleta_09,2026-05-28,12.67,263.3,591.49,593.84,580.73,1.02,Zona Optima
Atleta_09,2026-05-29,12.79,980.1,804.99,664.63,590.5,1.13,Zona Optima
Atleta_09,2026-05-30,13.01,342.0,621.69,658.45,587.41,1.12,Zona Optima
Atleta_09,2026-05-31,10.79,681.2,636.84,660.03,589.38,1.12,Zona Optima
Atleta_09,2026-06-01,7.06,604.1,459.5,620.22,586.6,1.06,Zona Optima
Atleta_09,2026-06-02,6.95,657.5,474.0,561.66,574.57,0.98,Zona Optima
Atleta_09,2026-06-03,13.07,967.8,816.28,629.26,581.89,1.08,Zona Optima
Atleta_09,2026-06-04,6.15,996.5,545.38,622.67,587.0,1.06,Zona Optima
Atleta_09,2026-06-05,7.61,185.6,356.56,558.61,583.64,0.96,Zona Optima
Atleta_09,2026-06-06,13.25,727.6,758.32,578.13,597.29,0.97,Zona Optima
Atleta_09,2026-06-07,7.38,537.3,463.16,553.31,599.6,0.92,Zona Optima
Atleta_09,2026-06-08,13.1,829.4,1040.4,636.3,619.59,1.03,Zona Optima
Atleta_09,2026-06-09,10.21,315.9,498.57,639.81,611.91,1.05,Zona Optima
Atleta_09,2026-06-10,12.72,1025.3,1105.06,681.06,625.41,1.09,Zona Optima
Atleta_09,2026-06-11,13.03,927.6,797.39,717.07,641.86,1.12,Zona Optima
Atleta_09,2026-06-12,7.28,922.4,769.05,775.99,649.94,1.19,Zona Optima
Atleta_09,2026-06-13,8.76,260.3,427.18,728.69,642.14,1.13,Zona Optima
Atleta_09,2026-06-14,6.78,360.3,379.05,716.67,627.4,1.14,Zona Optima
Atleta_09,2026-06-15,7.9,757.6,740.07,673.77,629.69,1.07,Zona Optima
Atleta_09,2026-06-16,13.52,323.3,641.94,694.25,630.24,1.1,Zona Optima
Atleta_09,2026-06-17,7.96,369.9,430.21,597.84,630.92,0.95,Zona Optima
Atleta_09,2026-06-18,9.06,630.2,742.29,589.97,630.89,0.94,Zona Optima
Atleta_09,2026-06-19,8.95,223.9,414.29,539.29,634.63,0.85,Zona Optima
Atleta_09,2026-06-20,10.06,786.7,865.56,601.92,641.8,0.94,Zona Optima
Atleta_09,2026-06-21,6.01,161.4,288.25,588.94,629.74,0.94,Zona Optima
Atleta_09,2026-06-22,9.29,947.1,654.92,576.78,626.77,0.92,Zona Optima
Atleta_09,2026-06-23,8.03,131.6,363.56,537.01,608.18,0.88,Zona Optima
Atleta_09,2026-06-24,13.15,144.2,567.93,556.69,616.21,0.9,Zona Optima
Atleta_09,2026-06-25,12.27,597.1,659.67,544.88,618.65,0.88,Zona Optima
Atleta_09,2026-06-26,13.11,132.4,557.4,565.33,609.8,0.93,Zona Optima
Atleta_09,2026-06-27,11.99,732.1,701.25,541.85,612.65,0.88,Zona Optima
Atleta_09,2026-06-28,12.76,378.6,615.81,588.65,611.89,0.96,Zona Optima
Atleta_10,2026-03-01,4.66,176.7,235.77,235.77,235.77,1.0,Zona Optima
Atleta_10,2026-03-02,7.55,402.0,572.61,404.19,404.19,1.0,Zona Optima
Atleta_10,2026-03-03,10.17,687.3,602.89,470.42,470.42,1.0,Zona Optima
Atleta_10,2026-03-04,9.57,372.7,487.75,474.76,474.76,1.0,Zona Optima
Atleta_10,2026-03-05,4.74,692.1,400.33,459.87,459.87,1.0,Zona Optima
Atleta_10,2026-03-06,4.29,137.2,206.74,417.68,417.68,1.0,Zona Optima
Atleta_10,2026-03-07,4.62,383.6,296.59,400.38,400.38,1.0,Zona Optima
Atleta_10,2026-03-08,9.55,451.5,521.15,441.15,415.48,1.06,Zona Optima
Atleta_10,2026-03-09,7.79,426.6,434.66,421.44,417.61,1.01,Zona Optima
Atleta_10,2026-03-10,7.02,282.1,365.54,387.54,412.4,0.94,Zona Optima
Atleta_10,2026-03-11,5.09,266.2,378.91,371.99,409.36,0.91,Zona Optima
Atleta_10,2026-03-12,3.35,537.5,295.99,357.08,399.91,0.89,Zona Optima
Atleta_10,2026-03-13,3.22,274.1,212.01,357.84,385.46,0.93,Zona Optima
Atleta_10,2026-03-14,9.05,345.6,455.36,380.52,390.45,0.97,Zona Optima
Atleta_10,2026-03-15,3.69,773.6,367.53,358.57,388.92,0.92,Zona Optima
Atleta_10,2026-03-16,5.25,559.1,373.11,349.78,387.93,0.9,Zona Optima
Atleta_10,2026-03-17,7.0,454.6,424.12,358.15,390.06,0.92,Zona Optima
Atleta_10,2026-03-18,4.65,744.6,419.32,363.92,391.69,0.93,Zona Optima
Atleta_10,2026-03-19,4.39,703.0,385.36,376.69,391.35,0.96,Zona Optima
Atleta_10,2026-03-20,6.94,738.5,501.66,418.07,396.87,1.05,Zona Optima
Atleta_10,2026-03-21,10.33,773.6,648.28,445.63,408.84,1.09,Zona Optima
Atleta_10,2026-03-22,8.43,788.9,564.75,473.8,415.93,1.14,Zona Optima
Atleta_10,2026-03-23,7.54,583.0,477.4,488.7,418.6,1.17,Zona Optima
Atleta_10,2026-03-24,6.61,538.1,578.88,510.81,425.28,1.2,Zona Optima
Atleta_10,2026-03-25,5.69,704.1,444.41,514.39,426.04,1.21,Zona Optima
Atleta_10,2026-03-26,9.83,227.7,619.58,547.85,433.49,1.26,Zona Optima
Atleta_10,2026-03-27,5.65,655.9,429.0,537.47,433.32,1.24,Zona Optima
Atleta_10,2026-03-28,7.57,203.1,370.39,497.77,431.07,1.15,Zona Optima
Atleta_10,2026-03-29,4.93,524.6,353.4,467.58,435.28,1.07,Zona Optima
Atleta_10,2026-03-30,8.88,724.1,576.24,481.7,435.41,1.11,Zona Optima
Atleta_10,2026-03-31,10.55,477.3,563.55,479.51,434.0,1.1,Zona Optima
Atleta_10,2026-04-01,3.37,637.3,444.06,479.46,432.44,1.11,Zona Optima
Atleta_10,2026-04-02,6.26,602.5,428.02,452.09,433.43,1.04,Zona Optima
Atleta_10,2026-04-03,9.89,133.0,437.41,453.3,441.67,1.03,Zona Optima
Atleta_10,2026-04-04,4.13,307.2,334.95,448.23,443.04,1.01,Zona Optima
Atleta_10,2026-04-05,10.16,761.2,631.8,488.0,446.99,1.09,Zona Optima
Atleta_10,2026-04-06,7.47,197.0,355.51,456.47,444.16,1.03,Zona Optima
Atleta_10,2026-04-07,5.05,281.7,279.91,415.95,441.1,0.94,Zona Optima
Atleta_10,2026-04-08,5.89,685.8,437.87,415.07,443.21,0.94,Zona Optima
Atleta_10,2026-04-09,10.64,487.4,575.03,436.07,453.18,0.96,Zona Optima
Atleta_10,2026-04-10,9.07,127.5,397.79,430.41,459.81,0.94,Zona Optima
Atleta_10,2026-04-11,3.43,324.8,234.41,416.05,451.92,0.92,Zona Optima
Atleta_10,2026-04-12,9.35,508.3,527.43,401.14,457.63,0.88,Zona Optima
Atleta_10,2026-04-13,5.27,617.8,399.09,407.36,458.56,0.89,Zona Optima
Atleta_10,2026-04-14,9.01,544.2,526.87,442.64,462.23,0.96,Zona Optima
Atleta_10,2026-04-15,6.61,480.1,411.59,438.89,461.95,0.95,Zona Optima
Atleta_10,2026-04-16,5.13,260.6,286.34,397.65,458.42,0.87,Zona Optima
Atleta_10,2026-04-17,4.15,543.9,329.42,387.88,452.26,0.86,Zona Optima
Atleta_10,2026-04-18,9.39,577.5,547.5,432.61,448.66,0.96,Zona Optima
Atleta_10,2026-04-19,5.9,759.8,461.09,423.13,444.96,0.95,Zona Optima
Atleta_10,2026-04-20,7.06,684.3,489.05,435.98,445.38,0.98,Zona Optima
Atleta_10,2026-04-21,4.61,97.2,219.65,392.09,432.55,0.91,Zona Optima
Atleta_10,2026-04-22,5.78,649.1,424.95,394.0,431.85,0.91,Zona Optima
Atleta_10,2026-04-23,7.1,604.4,466.22,419.7,426.38,0.98,Zona Optima
Atleta_10,2026-04-24,3.64,161.6,198.44,400.99,418.14,0.96,Zona Optima
Atleta_10,2026-04-25,8.36,189.9,394.74,379.16,419.01,0.9,Zona Optima
Atleta_10,2026-04-26,8.92,376.6,461.7,379.25,422.88,0.9,Zona Optima
Atleta_10,2026-04-27,4.58,329.4,279.82,349.36,412.29,0.85,Zona Optima
Atleta_10,2026-04-28,5.92,363.3,344.52,367.2,404.47,0.91,Zona Optima
Atleta_10,2026-04-29,5.34,168.3,274.08,345.65,398.4,0.87,Zona Optima
Atleta_10,2026-04-30,3.14,798.0,369.46,331.82,396.31,0.84,Zona Optima
Atleta_10,2026-05-01,9.0,118.5,385.64,358.57,394.46,0.91,Zona Optima
Atleta_10,2026-05-02,9.49,263.6,458.57,367.68,398.87,0.92,Zona Optima
Atleta_10,2026-05-03,7.96,679.3,705.8,402.56,401.52,1.0,Zona Optima
Atleta_10,2026-05-04,6.74,510.6,424.08,423.16,403.97,1.05,Zona Optima
Atleta_10,2026-05-05,8.56,301.0,424.17,434.54,409.12,1.06,Zona Optima
Atleta_10,2026-05-06,6.84,671.1,470.46,462.6,410.28,1.13,Zona Optima
Atleta_10,2026-05-07,6.43,349.2,366.39,462.16,402.83,1.15,Zona Optima
Atleta_10,2026-05-08,4.61,616.3,495.46,477.85,406.32,1.18,Zona Optima
Atleta_10,2026-05-09,4.41,688.6,385.85,467.46,411.73,1.14,Zona Optima
Atleta_10,2026-05-10,6.3,482.9,403.23,424.23,407.29,1.04,Zona Optima
Atleta_10,2026-05-11,9.2,669.3,566.99,444.65,413.29,1.08,Zona Optima
Atleta_10,2026-05-12,5.9,145.6,272.24,422.95,404.19,1.05,Zona Optima
Atleta_10,2026-05-13,3.47,505.0,294.16,397.76,400.0,0.99,Zona Optima
Atleta_10,2026-05-14,6.16,169.1,296.87,387.83,400.38,0.97,Zona Optima
Atleta_10,2026-05-15,9.52,585.9,558.64,396.85,408.56,0.97,Zona Optima
Atleta_10,2026-05-16,6.58,427.3,520.58,416.1,407.6,1.02,Zona Optima
Atleta_10,2026-05-17,9.3,275.5,455.41,423.56,407.4,1.04,Zona Optima
Atleta_10,2026-05-18,10.06,579.8,573.19,424.44,410.4,1.03,Zona Optima
Atleta_10,2026-05-19,3.56,682.4,345.14,434.86,414.89,1.05,Zona Optima
Atleta_10,2026-05-20,8.27,325.8,429.74,454.22,415.06,1.09,Zona Optima
Atleta_10,2026-05-21,10.43,205.1,480.74,480.49,415.58,1.16,Zona Optima
Atleta_10,2026-05-22,8.24,511.5,477.32,468.87,425.54,1.1,Zona Optima
Atleta_10,2026-05-23,6.96,159.0,320.92,440.35,422.9,1.04,Zona Optima
Atleta_10,2026-05-24,7.86,476.7,456.93,440.57,422.73,1.04,Zona Optima
Atleta_10,2026-05-25,8.45,534.9,500.54,430.19,430.61,1.0,Zona Optima
Atleta_10,2026-05-26,3.65,365.2,261.27,418.21,427.64,0.98,Zona Optima
Atleta_10,2026-05-27,9.34,544.0,540.31,434.0,437.15,0.99,Zona Optima
Atleta_10,2026-05-28,9.25,237.0,597.55,450.69,445.29,1.01,Zona Optima
Atleta_10,2026-05-29,3.17,90.7,152.12,404.23,436.95,0.93,Zona Optima
Atleta_10,2026-05-30,5.45,523.3,373.44,411.74,433.91,0.95,Zona Optima
Atleta_10,2026-05-31,3.96,261.5,239.12,380.62,417.24,0.91,Zona Optima
Atleta_10,2026-06-01,10.43,167.7,624.6,398.34,424.41,0.94,Zona Optima
Atleta_10,2026-06-02,3.81,137.1,194.12,388.75,416.19,0.93,Zona Optima
Atleta_10,2026-06-03,4.89,657.8,401.73,368.95,413.74,0.89,Zona Optima
Atleta_10,2026-06-04,5.32,326.9,313.49,328.37,411.85,0.8,Subentrenamiento
Atleta_10,2026-06-05,8.81,537.6,515.73,380.32,412.57,0.92,Zona Optima
Atleta_10,2026-06-06,8.07,436.5,451.71,391.5,414.92,0.94,Zona Optima
Atleta_10,2026-06-07,3.25,172.8,174.03,382.2,406.74,0.94,Zona Optima
Atleta_10,2026-06-08,9.94,448.8,527.13,368.28,405.31,0.91,Zona Optima
Atleta_10,2026-06-09,5.59,704.3,432.36,402.31,411.03,0.98,Zona Optima
Atleta_10,2026-06-10,4.37,174.3,225.79,377.18,408.59,0.92,Zona Optima
Atleta_10,2026-06-11,6.75,749.1,488.32,402.15,415.43,0.97,Zona Optima
Atleta_10,2026-06-12,6.79,702.6,641.16,420.07,418.37,1.0,Zona Optima
Atleta_10,2026-06-13,9.75,589.8,569.29,436.87,420.11,1.04,Zona Optima
Atleta_10,2026-06-14,7.73,302.9,399.6,469.09,418.12,1.12,Zona Optima
Atleta_10,2026-06-15,8.69,423.5,476.42,461.85,414.66,1.11,Zona Optima
Atleta_10,2026-06-16,7.55,675.1,503.34,471.99,420.32,1.12,Zona Optima
Atleta_10,2026-06-17,8.69,763.1,573.98,521.73,425.47,1.23,Zona Optima
Atleta_10,2026-06-18,9.26,110.5,403.41,509.6,422.7,1.21,Zona Optima
Atleta_10,2026-06-19,10.35,418.1,718.97,520.72,431.34,1.21,Zona Optima
Atleta_10,2026-06-20,10.01,673.4,603.81,525.65,441.44,1.19,Zona Optima
Atleta_10,2026-06-21,10.38,701.2,628.95,558.41,447.58,1.25,Zona Optima
Atleta_10,2026-06-22,4.49,443.4,314.4,535.27,440.93,1.21,Zona Optima
Atleta_10,2026-06-23,9.7,441.5,525.64,538.45,450.38,1.2,Zona Optima
Atleta_10,2026-06-24,7.4,491.1,445.78,520.14,447.0,1.16,Zona Optima
Atleta_10,2026-06-25,4.83,388.8,416.44,522.0,440.53,1.18,Zona Optima
Atleta_10,2026-06-26,9.58,754.3,606.94,505.99,456.78,1.11,Zona Optima
Atleta_10,2026-06-27,4.11,421.6,288.09,460.89,453.73,1.02,Zona Optima
Atleta_10,2026-06-28,10.19,148.6,452.02,435.62,461.33,0.94,Zona Optima
